touch,pressure_percent,Dist_1,Dist_2,Dist_3,AccX,AccY,AccZ
0,0,77,63,66,-624,-358,485
0,0,77,63,66,-646,-357,486
0,0,77,63,66,-634,-341,478
0,0,77,63,65,-621,-357,487
0,0,77,63,66,-624,-375,495
0,0,77,63,66,-611,-329,466
0,0,77,63,66,-607,-333,481
0,0,77,63,66,-617,-362,493
0,0,77,63,66,-622,-367,488
0,0,77,63,66,-617,-339,469
0,0,77,63,66,-621,-343,478
0,0,77,63,66,-613,-363,497
0,0,77,63,66,-616,-386,506
0,0,77,63,66,-629,-350,469
0,0,77,63,65,-618,-330,475
0,0,77,63,66,-617,-358,484
0,0,77,63,66,-617,-372,501
0,0,77,63,66,-614,-347,471
0,0,77,63,66,-631,-344,477
0,0,77,63,66,-611,-338,479
0,0,77,63,65,-613,-358,485
0,0,77,63,65,-626,-375,488
0,0,77,63,66,-615,-338,482
0,0,77,63,66,-605,-318,470
0,0,77,63,66,-622,-369,491
0,0,77,63,66,-628,-378,489
0,0,77,63,65,-630,-341,470
0,0,77,63,66,-619,-334,469
0,0,77,63,66,-619,-376,498
0,0,77,63,65,-615,-374,496
0,0,77,62,65,-627,-339,470
0,0,77,63,66,-632,-340,464
0,0,77,63,65,-619,-373,494
0,0,77,62,66,-600,-348,477
0,0,77,62,65,-628,-347,471
0,0,77,62,65,-628,-354,474
0,0,77,63,65,-616,-373,492
0,0,77,62,65,-613,-350,482
0,0,77,63,65,-627,-356,472
0,0,77,62,65,-630,-363,477
0,0,77,63,65,-601,-338,472
0,0,77,63,65,-608,-344,472
0,0,77,63,65,-631,-382,495
0,0,77,63,66,-628,-363,473
0,0,77,63,65,-619,-346,471
0,0,77,63,65,-617,-360,486
0,0,77,62,65,-624,-371,490
0,0,77,62,65,-607,-329,459
0,0,77,62,65,-620,-344,468
0,0,77,62,65,-615,-370,486
0,0,77,62,65,-620,-358,483
0,0,77,62,65,-638,-356,487
0,0,77,62,65,-634,-361,475
0,0,77,62,65,-616,-351,479
0,0,77,63,66,-625,-337,472
0,0,77,63,66,-622,-355,477
0,0,77,63,65,-615,-351,470
0,0,77,63,65,-615,-358,480
0,0,77,63,65,-634,-377,488
0,0,77,62,65,-634,-346,466
0,0,77,62,65,-612,-335,470
0,0,77,62,65,-612,-355,477
0,0,77,63,65,-632,-380,496
0,0,77,63,65,-620,-335,463
0,0,77,63,65,-623,-340,479
0,0,77,62,65,-625,-364,481
0,0,77,62,65,-639,-375,484
0,0,77,62,65,-623,-327,463
0,0,77,62,65,-607,-331,477
0,0,77,62,65,-624,-370,489
0,0,77,62,65,-632,-376,479
0,0,77,62,65,-612,-326,463
0,0,77,62,65,-600,-324,467
0,0,77,62,65,-628,-393,502
0,0,77,62,65,-624,-377,484
0,0,77,62,65,-637,-328,450
0,0,78,63,65,-626,-320,460
0,0,78,63,65,-638,-363,482
0,0,78,62,64,-620,-380,490
0,0,78,62,64,-627,-366,476
0,0,78,62,64,-640,-347,464
0,0,79,63,64,-629,-318,356
0,0,79,63,63,-614,-352,408
0,0,81,63,61,-600,-445,540
0,0,82,63,60,-622,-424,445
0,0,82,62,58,-608,-445,458
0,0,83,62,56,-615,-437,418
0,0,83,62,56,-614,-404,408
0,0,83,61,55,-602,-396,394
0,0,83,61,55,-604,-421,409
0,0,83,61,55,-614,-407,368
0,0,83,61,54,-637,-418,406
0,0,83,61,54,-615,-411,397
0,0,83,61,53,-611,-420,415
0,0,84,61,53,-599,-416,405
0,0,84,61,53,-619,-423,400
0,0,84,61,53,-613,-416,365
0,0,84,61,52,-609,-435,393
0,0,84,61,52,-589,-428,406
0,0,84,61,52,-607,-414,385
0,0,84,61,52,-638,-419,357
0,0,84,60,52,-616,-423,351
0,0,84,61,52,-603,-427,394
0,0,84,61,51,-611,-443,391
0,0,85,61,51,-621,-438,349
0,0,85,61,50,-609,-446,382
0,0,85,61,50,-596,-439,339
0,0,85,61,50,-645,-420,241
1,2,86,61,49,-608,-548,537
6,8,86,61,48,-625,-460,344
6,23,87,61,48,-619,-472,314
6,50,87,61,47,-598,-462,279
6,71,87,61,47,-621,-469,306
6,86,87,61,46,-646,-468,297
6,92,87,61,46,-631,-471,281
6,100,87,61,46,-613,-458,279
6,100,87,61,46,-616,-454,282
6,100,87,61,46,-640,-472,279
6,100,87,61,46,-623,-469,282
6,100,87,61,46,-619,-460,281
6,100,87,61,46,-622,-455,280
6,100,87,60,46,-631,-472,270
6,100,87,61,46,-623,-460,282
6,100,87,61,46,-619,-461,280
6,100,87,61,46,-625,-468,284
6,100,87,61,46,-633,-479,282
6,100,87,61,46,-637,-474,280
6,100,87,60,46,-607,-455,282
6,100,87,60,46,-610,-446,285
6,100,87,61,46,-630,-481,283
6,100,87,61,46,-621,-478,288
6,100,87,61,46,-616,-456,281
6,100,87,61,46,-611,-447,278
6,100,87,61,46,-624,-477,286
6,100,87,60,46,-642,-477,284
6,100,87,60,46,-625,-480,283
6,100,87,60,46,-610,-483,290
6,100,87,61,46,-604,-439,278
6,100,87,61,46,-622,-445,268
6,100,87,61,46,-618,-484,285
6,100,87,61,46,-628,-489,286
6,100,87,61,46,-618,-458,277
6,100,87,61,46,-620,-451,276
6,100,87,61,46,-620,-486,285
6,100,87,60,46,-621,-476,276
6,100,87,60,46,-616,-463,280
6,100,87,61,46,-597,-449,282
6,100,87,61,46,-603,-476,293
6,77,87,61,46,-625,-478,284
6,42,87,61,46,-636,-467,280
6,12,87,61,46,-630,-460,284
6,8,87,61,47,-616,-475,293
5,7,86,61,47,-641,-478,275
5,7,86,61,47,-620,-442,296
5,6,86,61,47,-617,-429,286
5,6,86,60,47,-619,-483,303
5,6,86,60,47,-628,-477,292
6,6,86,60,47,-617,-456,301
6,6,86,60,47,-616,-430,293
6,6,86,60,47,-617,-475,303
6,6,86,60,47,-624,-484,307
6,6,86,60,47,-615,-456,291
6,6,86,60,47,-619,-465,306
6,6,86,60,47,-613,-441,300
6,6,86,60,47,-622,-462,306
6,6,86,60,47,-629,-475,297
6,6,86,60,47,-621,-468,308
6,9,86,60,47,-617,-444,289
6,20,86,60,47,-636,-477,304
6,21,86,60,47,-614,-466,301
6,19,86,60,47,-611,-464,299
6,11,86,60,47,-609,-457,290
6,10,86,60,47,-617,-478,298
6,8,86,60,47,-607,-445,288
6,9,86,60,47,-619,-458,290
6,17,86,60,47,-618,-458,275
6,36,86,60,47,-615,-469,279
6,56,87,61,47,-643,-474,302
6,77,87,61,46,-649,-469,285
6,100,87,61,46,-587,-463,272
6,100,87,61,46,-640,-427,248
6,100,87,61,46,-630,-488,275
6,100,87,61,46,-629,-480,263
6,100,87,60,46,-622,-446,236
6,100,87,60,46,-589,-409,230
6,100,87,61,45,-673,-515,269
6,100,87,61,45,-737,-513,236
6,100,87,61,45,-626,-421,196
6,100,87,61,45,-645,-400,197
6,100,87,61,45,-684,-476,229
6,100,87,61,45,-682,-503,221
6,100,87,61,45,-592,-354,161
6,100,87,61,45,-673,-356,165
6,100,88,61,44,-779,-709,291
6,100,87,61,44,-630,-320,129
6,100,88,61,44,-676,-383,163
6,100,87,61,44,-700,-718,294
6,100,88,61,44,-681,-451,167
6,100,88,61,44,-626,-371,148
6,100,88,61,43,-566,-573,255
6,100,88,61,43,-669,-547,201
6,100,88,61,43,-651,-378,158
6,100,88,61,43,-535,-439,230
6,100,88,61,43,-618,-529,209
6,100,88,61,43,-654,-477,172
6,100,88,61,43,-602,-479,200
6,100,88,61,43,-600,-563,236
6,100,88,61,43,-687,-474,165
6,100,88,61,43,-620,-463,200
6,100,88,61,43,-650,-521,210
6,100,88,61,43,-566,-488,189
6,100,88,61,43,-686,-478,172
6,100,88,61,43,-646,-518,210
6,100,88,61,43,-674,-536,207
6,100,88,61,43,-546,-370,174
6,100,88,61,43,-571,-376,181
6,100,88,61,43,-699,-609,208
6,100,89,61,43,-750,-785,280
6,100,89,61,43,-435,-216,84
6,100,89,61,43,-630,-403,137
6,100,88,61,43,-673,-490,156
6,100,89,61,43,-698,-486,153
6,100,88,62,43,-740,-518,134
6,100,88,61,44,-692,-455,108
6,100,88,61,44,-664,-415,121
6,100,88,62,44,-696,-448,136
6,93,88,62,44,-652,-442,152
6,87,88,62,45,-716,-472,136
6,85,88,61,45,-702,-524,163
6,93,88,61,45,-681,-475,159
6,86,88,62,45,-691,-437,168
6,68,88,62,46,-663,-387,139
6,60,88,62,46,-666,-395,151
6,61,88,62,46,-699,-433,176
6,66,88,62,46,-719,-432,178
6,65,88,61,46,-682,-417,182
6,67,88,61,46,-692,-451,193
6,71,88,61,46,-669,-426,192
6,69,88,61,46,-676,-419,194
6,67,88,61,46,-648,-428,200
6,66,88,61,46,-687,-446,200
6,67,88,61,46,-673,-423,206
6,63,88,61,46,-654,-433,214
6,54,88,61,46,-664,-463,232
6,35,88,61,46,-669,-429,184
6,19,88,61,46,-609,-406,146
6,10,88,61,46,-662,-441,230
6,17,88,62,46,-641,-456,242
6,28,88,62,46,-673,-449,218
6,36,88,62,46,-687,-430,201
6,36,88,62,46,-664,-429,212
6,31,88,62,46,-645,-452,230
6,20,88,62,46,-665,-445,215
6,11,88,62,46,-732,-434,178
6,10,88,62,47,-691,-449,204
6,15,88,62,47,-660,-429,213
6,21,88,62,47,-662,-432,219
6,21,88,62,47,-677,-455,214
6,17,88,62,47,-670,-435,201
6,11,88,61,47,-665,-435,214
6,5,87,61,47,-671,-458,224
6,4,88,62,47,-673,-461,216
6,3,87,62,47,-669,-425,211
6,2,87,62,47,-669,-419,193
6,2,87,62,48,-672,-454,229
6,2,87,62,48,-686,-445,219
6,2,87,62,48,-667,-417,212
6,2,87,62,48,-672,-442,232
6,2,87,62,48,-660,-445,228
6,2,87,62,48,-657,-433,224
6,2,87,62,48,-679,-437,216
6,2,87,62,48,-668,-423,200
6,2,87,62,48,-673,-449,234
6,2,87,62,48,-653,-439,232
6,3,87,62,48,-666,-445,215
6,5,87,61,48,-676,-425,211
6,10,87,61,48,-670,-450,227
6,15,87,61,48,-661,-437,219
6,20,87,61,48,-661,-441,211
6,24,87,61,47,-670,-453,232
6,29,87,61,47,-674,-461,226
6,35,88,61,47,-656,-458,218
6,38,87,61,47,-661,-421,150
6,41,88,61,46,-681,-466,216
6,49,88,61,46,-639,-431,204
6,60,88,61,46,-670,-474,190
6,67,88,61,46,-651,-479,174
6,70,88,61,46,-684,-446,182
6,73,88,61,45,-643,-451,179
6,73,87,61,45,-679,-497,184
6,72,87,61,45,-654,-445,158
6,68,87,61,45,-660,-423,172
6,68,87,61,45,-680,-439,174
6,67,87,61,45,-696,-476,181
6,66,87,61,45,-688,-439,169
6,66,87,61,45,-701,-411,165
6,67,87,61,45,-696,-454,182
6,66,87,61,45,-700,-446,180
6,65,87,61,45,-683,-414,169
6,66,87,61,45,-668,-427,174
6,67,87,61,45,-681,-432,170
6,66,87,61,45,-690,-443,177
6,65,87,61,45,-679,-423,171
6,66,87,61,45,-664,-418,174
6,66,87,61,45,-697,-428,176
6,65,87,61,45,-716,-442,164
6,66,87,61,45,-688,-417,163
6,66,87,61,45,-700,-418,174
6,66,87,61,45,-718,-459,172
6,65,87,61,45,-729,-447,162
6,65,87,61,45,-688,-384,160
6,65,87,61,45,-694,-407,160
6,62,87,61,45,-720,-493,177
6,61,87,61,45,-714,-427,169
6,64,87,61,45,-702,-364,156
6,67,87,61,45,-726,-442,162
6,67,87,61,45,-739,-467,188
6,66,87,61,45,-701,-362,176
6,67,87,61,45,-690,-337,165
6,67,87,61,45,-730,-394,174
6,65,87,61,45,-726,-401,180
6,63,87,61,45,-733,-386,156
6,63,87,61,45,-739,-390,171
6,64,87,61,45,-722,-336,175
6,64,87,61,45,-760,-359,169
6,63,87,61,44,-817,-410,176
6,63,87,61,45,-765,-348,180
6,65,87,61,45,-755,-269,191
6,67,87,61,45,-752,-219,190
6,67,87,61,45,-793,-324,200
6,65,87,61,45,-811,-303,203
6,72,87,61,45,-756,-192,223
6,77,87,61,45,-744,-155,212
6,77,87,62,45,-813,-276,219
6,77,87,61,45,-830,-325,235
6,84,87,62,45,-809,-312,239
6,93,86,62,45,-833,-303,236
6,89,87,62,46,-781,-267,259
6,71,87,62,46,-715,-243,329
4,44,87,62,47,-792,-398,487
0,20,86,62,50,-791,-184,118
0,5,85,63,54,-827,-237,176
0,0,83,65,59,-767,-200,224
0,0,84,68,65,-776,-251,288
0,0,83,68,67,-769,-331,408
0,0,83,68,68,-744,-245,280
0,0,83,68,68,-753,-326,319
0,0,83,68,68,-757,-307,310
0,0,83,69,69,-715,-290,320
0,0,83,69,69,-716,-322,317
0,0,83,69,69,-720,-427,361
0,0,83,69,68,-700,-379,319
0,0,83,69,68,-663,-316,285
0,0,84,69,69,-704,-378,264
0,0,84,69,68,-707,-430,321
0,0,84,69,67,-690,-374,331
0,0,84,68,67,-683,-361,290
0,0,84,68,66,-712,-424,323
0,0,84,68,66,-673,-330,265
0,0,84,68,66,-661,-303,192
0,0,85,68,65,-710,-441,278
0,0,85,68,64,-634,-468,379
0,0,86,67,63,-677,-407,255
0,0,85,67,61,-663,-429,235
0,0,86,66,60,-650,-465,270
0,0,86,66,60,-671,-379,108
0,0,87,67,59,-717,-467,95
0,0,88,66,56,-645,-558,332
0,0,89,66,54,-659,-471,197
0,0,89,64,51,-601,-648,502
6,5,89,62,48,-663,-450,178
6,14,89,62,46,-676,-416,142
6,34,88,61,45,-702,-501,155
6,53,89,62,45,-713,-474,143
6,75,89,62,45,-721,-410,127
6,89,89,62,45,-699,-390,125
6,89,89,62,44,-716,-464,131
6,81,88,62,44,-725,-432,104
6,80,88,62,44,-714,-368,128
6,90,88,62,44,-724,-376,117
6,95,88,62,44,-710,-423,114
6,95,88,62,44,-709,-242,57
6,95,88,62,44,-734,-426,139
6,100,87,62,43,-754,-540,143
6,100,87,61,43,-723,-463,117
6,100,87,61,43,-693,-359,126
6,100,87,61,43,-713,-461,163
6,100,87,61,43,-692,-440,130
6,100,87,61,43,-631,-272,89
6,100,87,61,43,-700,-390,173
6,100,87,61,43,-769,-607,192
6,100,87,62,43,-736,-468,96
6,100,87,62,43,-716,-249,81
6,100,87,62,43,-731,-529,180
6,100,87,62,43,-749,-576,178
6,100,87,62,43,-631,-386,82
6,100,87,61,43,-703,-419,131
6,100,88,61,42,-652,-534,216
6,100,88,62,43,-687,-459,140
6,100,88,62,43,-690,-344,105
6,100,88,61,42,-702,-451,151
6,100,88,61,42,-695,-519,158
6,100,88,62,43,-651,-383,110
6,100,88,61,43,-705,-416,161
6,100,88,61,42,-686,-472,188
6,99,88,62,43,-732,-414,168
6,97,88,62,43,-706,-349,136
6,94,88,62,43,-675,-292,164
6,94,87,62,43,-723,-329,199
6,89,88,62,43,-699,-377,188
6,82,88,62,42,-789,-394,160
6,86,87,62,42,-850,-356,175
6,93,87,62,43,-762,-165,232
6,100,87,62,43,-835,-202,251
6,100,87,62,43,-789,-278,257
6,100,87,62,43,-818,-125,216
6,100,87,62,43,-794,-44,205
6,100,87,62,43,-892,-253,233
6,97,87,62,44,-973,-442,354
6,88,88,63,45,-985,-973,1368
4,57,87,64,50,-527,114,-99
0,29,85,66,60,-935,89,-272
0,4,79,67,71,-837,99,125
0,0,75,71,84,-794,-34,440
0,0,74,74,92,-821,40,284
0,0,74,74,92,-771,-63,428
0,0,74,74,92,-830,-175,506
0,0,74,72,90,-824,-157,497
0,0,73,71,88,-792,-131,435
0,0,73,70,87,-791,-159,414
0,0,73,70,86,-700,-215,518
0,0,73,69,85,-704,-200,444
0,0,73,69,84,-751,-211,408
0,0,74,68,82,-716,-271,465
0,0,76,68,81,-688,-322,450
0,0,76,68,80,-709,-357,504
0,0,76,67,78,-682,-302,426
0,0,76,67,77,-642,-314,385
0,0,77,67,75,-658,-397,455
0,0,78,66,72,-639,-370,446
0,0,79,65,70,-679,-376,414
0,0,79,64,67,-677,-427,456
0,0,80,64,66,-645,-322,347
0,0,80,64,65,-619,-337,385
0,0,81,63,63,-633,-397,376
0,0,82,63,62,-657,-393,329
0,0,83,63,61,-598,-368,324
0,0,84,63,59,-595,-469,446
0,0,85,63,57,-637,-476,450
0,0,85,62,55,-645,-413,273
0,0,86,61,53,-649,-465,389
4,5,86,61,51,-640,-466,464
6,8,86,61,50,-694,-365,272
6,12,86,60,49,-700,-384,273
6,14,86,60,48,-715,-434,343
6,21,86,60,48,-666,-383,323
6,26,86,60,48,-687,-376,287
6,20,86,60,47,-709,-385,298
6,12,86,60,47,-674,-331,293
6,5,86,60,47,-662,-341,283
6,5,86,60,47,-721,-424,316
6,4,86,60,47,-718,-383,293
6,7,86,60,47,-702,-368,291
6,8,86,60,47,-682,-397,321
6,8,86,60,47,-663,-378,332
6,4,86,60,48,-690,-350,298
6,2,86,60,47,-688,-377,296
6,2,86,60,48,-688,-376,329
6,2,86,60,48,-694,-332,308
6,2,86,60,48,-738,-361,294
6,2,86,60,48,-744,-395,314
6,2,86,60,48,-680,-343,320
6,2,86,60,48,-692,-347,311
6,2,86,60,48,-727,-383,289
6,2,86,60,48,-702,-362,298
6,3,86,60,48,-685,-317,307
6,4,86,60,48,-709,-367,310
6,4,86,60,48,-736,-417,305
6,3,86,60,48,-709,-365,310
6,3,86,60,48,-692,-328,302
6,3,86,60,48,-719,-367,312
6,3,86,60,48,-711,-370,289
6,3,86,60,48,-719,-345,292
6,3,86,60,48,-711,-357,298
6,3,86,60,48,-702,-391,340
6,3,86,60,48,-717,-354,307
6,2,86,60,48,-726,-332,300
6,2,86,60,48,-700,-323,303
6,2,86,60,48,-724,-349,300
6,2,86,60,48,-711,-349,279
6,13,86,60,48,-724,-363,346
6,26,86,60,47,-699,-344,324
6,39,86,60,47,-730,-352,306
6,40,86,60,47,-719,-314,296
6,31,86,60,47,-714,-313,288
6,20,86,60,47,-749,-367,304
6,10,86,60,47,-752,-327,303
6,10,86,60,47,-694,-290,301
6,9,86,60,47,-722,-364,321
6,8,86,60,47,-755,-391,319
6,3,86,60,47,-720,-316,308
6,3,86,60,47,-725,-270,282
6,3,86,60,47,-753,-354,307
6,3,86,60,47,-744,-345,315
6,3,86,60,47,-728,-278,310
6,3,86,60,47,-727,-247,277
6,3,86,60,47,-779,-360,314
6,4,86,60,47,-746,-337,325
6,4,86,60,47,-717,-272,317
6,3,86,60,47,-709,-258,295
6,2,86,60,47,-749,-368,330
6,2,86,60,47,-733,-314,318
6,3,86,60,47,-723,-251,300
6,3,86,60,47,-721,-306,305
6,3,86,60,47,-766,-364,337
6,3,86,60,47,-744,-292,323
6,4,86,60,47,-713,-234,304
6,5,86,60,47,-757,-297,324
6,6,86,60,47,-769,-320,333
6,6,86,60,47,-762,-277,318
6,9,86,60,47,-724,-231,294
6,9,86,60,47,-774,-351,341
6,8,86,60,47,-762,-325,338
6,10,86,60,47,-746,-238,312
6,18,86,60,47,-768,-291,318
6,18,86,60,47,-796,-369,344
6,12,86,60,47,-765,-282,317
6,3,86,60,48,-742,-222,299
6,3,86,60,48,-750,-282,309
6,3,86,60,47,-754,-363,342
6,3,86,60,47,-728,-284,325
6,5,86,60,47,-738,-213,298
6,5,86,60,48,-755,-227,281
6,6,86,60,48,-783,-319,339
6,10,86,60,48,-730,-233,322
6,21,86,60,48,-776,-177,300
5,45,86,60,48,-794,-232,297
6,41,86,60,48,-878,-424,479
4,31,86,60,48,-813,-394,596
0,5,86,61,50,-857,81,177
0,2,84,62,54,-903,67,251
0,0,83,64,60,-867,64,231
0,0,83,67,66,-847,41,294
0,0,82,68,69,-879,-109,578
0,0,81,68,71,-842,-91,485
0,0,79,67,71,-823,-2,346
0,0,78,67,72,-783,-76,353
0,0,79,68,75,-794,-203,479
0,0,79,68,76,-772,-184,409
0,0,78,68,76,-732,-232,411
0,0,78,68,76,-758,-359,436
0,0,78,67,75,-646,-352,508
0,0,79,68,75,-597,-313,443
0,0,78,68,75,-629,-422,474
0,0,79,67,74,-619,-394,489
0,0,79,67,73,-617,-321,413
0,0,79,67,73,-692,-408,408
0,0,79,66,72,-742,-399,403
0,0,79,66,71,-666,-316,388
0,0,80,67,70,-705,-273,338
0,0,81,67,69,-710,-256,155
0,0,83,68,68,-619,-348,291
0,0,85,67,65,-590,-499,473
0,0,87,67,61,-679,-480,334
0,0,87,65,57,-683,-409,166
0,0,89,65,53,-629,-398,120
0,0,90,64,51,-572,-791,812
0,0,90,63,48,-678,-490,259
6,10,91,63,46,-628,-465,193
6,31,91,62,45,-685,-385,184
6,57,90,62,45,-703,-413,157
6,80,90,63,44,-839,-345,164
6,94,90,62,44,-754,-555,250
6,100,90,62,44,-664,-452,148
6,100,90,62,43,-749,-350,165
6,100,90,62,43,-749,-415,176
6,100,90,62,43,-661,-551,229
6,100,90,62,43,-710,-384,130
6,100,90,62,43,-676,-340,148
6,100,90,62,42,-683,-535,200
6,100,90,62,42,-731,-446,146
6,100,90,62,42,-709,-423,167
6,100,90,62,42,-696,-448,169
6,100,90,62,42,-666,-430,153
6,100,90,62,42,-702,-407,154
6,100,90,62,42,-664,-430,196
6,100,90,62,42,-732,-486,184
6,100,90,62,42,-695,-334,138
6,100,90,62,42,-684,-390,178
6,100,90,62,42,-697,-417,180
6,100,90,62,42,-719,-381,162
6,100,91,62,42,-684,-360,172
6,100,90,62,42,-665,-409,187
6,100,91,62,42,-689,-412,201
6,100,91,62,42,-724,-388,181
6,100,90,62,42,-755,-461,166
6,100,90,62,42,-712,-409,176
6,100,91,63,42,-714,-369,179
6,100,91,63,42,-733,-382,162
6,100,91,62,42,-736,-453,192
6,100,91,62,42,-740,-368,177
6,100,91,63,42,-726,-340,192
6,100,90,62,42,-755,-378,200
6,100,90,63,42,-741,-270,177
6,100,90,63,42,-764,-280,177
6,100,90,63,42,-777,-389,204
6,100,90,63,42,-716,-307,186
6,100,90,63,42,-744,-316,198
6,100,90,63,42,-784,-379,211
6,100,90,63,42,-731,-281,190
6,100,90,63,42,-793,-215,204
6,100,90,63,42,-826,-95,167
6,100,90,63,43,-865,-201,220
6,100,90,63,43,-869,-424,290
6,100,91,64,43,-770,-192,203
6,100,91,64,44,-702,-124,233
6,96,91,64,45,-689,-468,655
6,70,90,64,47,-1234,-290,-18
0,35,89,65,53,-970,-91,-166
0,7,86,68,63,-928,-144,175
0,0,81,72,78,-870,-213,333
0,0,80,74,83,-899,-238,379
0,0,78,71,82,-893,-50,148
0,0,77,72,86,-840,-26,199
0,0,78,74,89,-807,-85,258
0,0,80,75,88,-802,-255,392
0,0,79,73,85,-790,-278,340
0,0,79,72,84,-783,-211,302
0,0,79,73,84,-772,-235,318
0,0,80,73,84,-738,-299,353
0,0,80,71,81,-745,-348,409
0,0,80,71,79,-728,-242,282
0,0,80,70,78,-775,-250,299
0,0,81,70,77,-735,-285,314
0,0,81,70,75,-709,-360,430
0,0,82,69,73,-717,-285,302
0,0,82,68,72,-772,-324,333
0,0,82,68,70,-701,-295,324
0,0,82,68,69,-733,-323,324
0,0,82,67,68,-724,-347,353
0,0,82,67,67,-749,-335,259
0,0,83,67,66,-738,-323,275
0,0,83,66,64,-720,-317,318
0,0,84,66,64,-724,-326,298
0,0,84,66,62,-768,-394,300
0,0,84,65,61,-697,-327,262
0,0,85,65,60,-716,-364,304
0,0,85,65,59,-723,-462,392
0,0,85,64,58,-682,-324,244
0,0,85,64,57,-711,-339,209
0,0,86,64,57,-715,-360,214
0,0,87,64,56,-758,-406,330
0,0,87,64,54,-746,-349,235
0,0,87,63,52,-741,-336,191
0,0,88,63,51,-729,-359,251
0,0,88,63,50,-724,-320,135
3,2,88,62,49,-744,-363,222
6,7,88,62,48,-726,-363,240
6,19,88,62,47,-756,-363,198
6,30,88,61,47,-753,-364,214
6,45,88,61,46,-714,-320,231
6,49,88,61,46,-717,-326,194
6,50,88,61,46,-767,-404,208
6,51,88,61,46,-729,-346,200
6,56,88,61,46,-710,-319,192
6,58,88,61,46,-730,-374,223
6,53,88,61,46,-736,-344,214
6,50,88,61,46,-741,-343,202
6,50,88,61,46,-756,-355,204
6,51,88,61,46,-763,-393,232
6,54,88,61,46,-782,-330,207
6,59,88,61,46,-784,-307,184
6,58,88,61,46,-777,-363,203
6,53,88,61,46,-782,-367,218
6,53,88,61,46,-727,-326,209
6,56,88,61,46,-741,-326,219
6,56,88,61,46,-742,-331,212
6,50,88,61,46,-756,-370,215
6,52,88,61,46,-757,-339,212
6,54,88,61,46,-742,-290,186
6,54,88,61,46,-765,-372,217
6,49,88,61,46,-751,-350,222
6,47,88,61,46,-738,-314,199
6,47,88,61,46,-774,-352,204
6,47,88,61,46,-740,-309,210
6,47,88,61,46,-741,-344,231
6,46,88,61,46,-794,-376,209
6,46,88,61,46,-776,-337,188
6,49,88,61,46,-749,-337,222
6,50,88,61,46,-733,-335,214
6,50,88,61,46,-774,-366,206
6,53,88,61,46,-744,-318,202
6,53,88,61,46,-730,-315,192
6,51,88,61,46,-744,-372,209
6,46,88,61,46,-761,-367,214
6,50,88,61,46,-738,-302,195
6,51,88,61,46,-745,-334,201
6,50,88,61,46,-745,-373,218
6,46,88,61,46,-744,-374,229
6,47,88,61,46,-746,-338,209
6,48,88,61,46,-757,-312,194
6,46,88,61,46,-750,-368,221
6,45,88,61,46,-769,-371,217
6,45,88,61,46,-760,-338,202
6,47,88,61,46,-737,-324,199
6,47,88,61,46,-755,-347,219
6,47,88,61,46,-753,-330,210
6,47,88,61,46,-758,-337,198
6,46,88,61,46,-752,-346,207
6,47,88,61,46,-742,-333,214
6,47,88,61,46,-748,-347,218
6,49,88,61,46,-768,-333,203
6,49,88,61,46,-749,-301,200
6,48,88,61,46,-738,-317,197
6,46,88,61,46,-758,-383,214
6,46,88,61,46,-762,-357,207
6,51,88,61,46,-746,-321,201
6,53,88,61,46,-754,-334,205
6,52,88,61,46,-739,-364,223
6,48,88,61,46,-770,-351,215
6,47,88,61,46,-768,-298,190
6,46,88,61,46,-765,-330,194
6,46,88,61,46,-760,-364,212
6,46,88,61,46,-754,-351,215
6,50,88,61,46,-770,-337,202
6,51,88,62,46,-756,-312,194
6,51,88,61,46,-749,-357,222
6,48,88,61,46,-754,-365,224
6,48,88,61,46,-767,-335,207
6,49,88,61,46,-756,-312,191
6,48,88,61,46,-750,-347,205
6,47,88,61,46,-756,-354,218
6,46,88,61,46,-745,-328,217
6,47,88,61,46,-767,-335,194
6,47,88,61,46,-787,-348,220
6,46,88,61,46,-741,-320,208
6,45,88,61,46,-755,-345,212
6,46,88,61,46,-759,-329,202
6,45,88,61,46,-753,-303,191
6,44,88,61,46,-772,-363,209
6,43,88,61,46,-762,-364,231
6,45,88,61,46,-755,-297,200
6,46,88,61,46,-763,-333,208
6,45,88,61,46,-760,-359,217
6,45,88,61,46,-755,-345,218
6,46,88,61,46,-757,-305,206
6,47,88,61,46,-758,-298,200
6,46,88,61,46,-767,-358,214
6,45,88,61,46,-761,-379,222
6,46,88,61,46,-749,-314,216
6,48,88,61,46,-738,-291,201
6,47,88,61,46,-790,-370,214
6,46,88,61,46,-778,-345,212
6,45,88,61,46,-754,-303,203
6,46,88,62,46,-769,-325,203
6,46,88,62,46,-777,-346,211
6,46,88,62,46,-754,-322,218
6,46,88,62,46,-749,-292,201
6,46,88,62,46,-765,-337,208
6,46,88,61,46,-753,-336,216
6,46,88,61,46,-742,-297,205
6,45,88,61,46,-736,-344,209
6,45,88,61,46,-759,-377,217
6,46,88,62,46,-735,-315,203
6,47,88,62,46,-749,-304,200
6,46,88,61,46,-759,-357,206
6,45,88,61,46,-777,-389,224
6,45,88,61,46,-745,-302,201
6,45,88,61,46,-758,-324,203
6,45,88,61,46,-762,-376,220
6,44,88,62,46,-757,-331,205
6,45,88,62,46,-745,-290,198
6,44,88,62,46,-765,-341,212
6,44,88,61,46,-779,-358,208
6,43,88,61,46,-755,-302,202
6,45,88,61,46,-763,-332,207
6,45,88,61,46,-767,-356,204
6,44,88,61,46,-740,-350,217
6,44,88,62,46,-747,-305,203
6,44,88,62,46,-754,-316,200
6,43,88,61,46,-776,-367,198
6,43,88,61,46,-773,-336,193
6,45,88,61,46,-751,-295,193
6,46,88,61,46,-766,-332,202
6,46,88,61,46,-772,-359,219
6,44,88,61,46,-743,-304,205
6,43,88,61,46,-771,-319,199
6,43,88,61,46,-779,-338,195
6,43,88,61,46,-781,-334,200
6,43,88,62,46,-748,-276,185
6,43,88,61,46,-754,-297,185
6,41,88,61,46,-769,-405,215
6,41,88,61,46,-761,-385,220
6,43,88,61,46,-747,-282,199
6,46,88,62,46,-772,-305,193
6,45,88,62,46,-773,-303,196
6,46,88,62,46,-786,-254,202
6,51,88,62,46,-966,-568,610
4,46,89,62,48,-523,-870,1148
0,30,88,65,56,-833,51,-557
0,9,86,69,67,-1204,344,-658
0,0,77,68,78,-891,236,-18
0,0,79,77,95,-807,299,-132
0,0,78,80,101,-766,-115,362
0,0,78,75,91,-866,-494,1125
0,0,75,71,85,-799,-212,552
0,0,72,68,83,-781,-84,324
0,0,72,68,82,-742,-130,385
0,0,75,70,83,-753,-194,354
0,0,76,69,82,-752,-367,568
0,0,76,69,80,-678,-312,510
0,0,76,68,79,-621,-242,409
0,0,77,68,78,-621,-318,386
0,0,78,68,76,-706,-370,307
0,0,80,68,74,-666,-350,329
0,0,81,68,73,-667,-441,406
0,0,82,67,70,-670,-430,315
0,0,82,67,68,-697,-386,194
0,0,83,67,67,-701,-448,24
0,0,86,68,65,-686,-579,328
0,0,88,67,62,-574,-482,270
0,0,89,67,58,-675,-395,-42
0,0,90,65,53,-623,-644,411
0,0,90,64,50,-539,-259,-24
6,8,91,63,47,-640,-478,148
6,29,91,62,45,-736,-619,178
6,47,90,62,44,-697,-501,92
6,67,91,62,44,-642,-348,23
6,78,91,62,44,-773,-486,119
6,92,91,62,43,-723,-561,180
6,98,91,63,43,-695,-379,70
6,100,91,62,43,-756,-369,48
6,100,90,62,43,-707,-453,113
6,100,90,62,43,-728,-463,124
6,100,91,62,43,-707,-400,92
6,100,91,62,43,-785,-382,77
6,100,91,62,43,-736,-415,104
6,98,91,62,43,-712,-416,116
6,95,91,62,43,-722,-381,95
6,97,90,62,43,-780,-432,101
6,97,90,62,43,-741,-404,95
6,96,90,62,43,-729,-356,117
6,94,90,62,42,-746,-333,107
6,92,91,62,42,-797,-435,116
6,90,90,62,42,-759,-304,78
6,87,90,62,42,-740,-281,137
6,86,90,62,42,-769,-357,177
6,81,90,62,43,-812,-295,121
6,80,90,62,43,-768,-173,99
6,83,90,62,43,-846,-202,138
6,93,90,63,43,-833,-267,152
6,100,90,63,43,-865,-358,138
6,100,90,63,43,-827,-310,180
6,100,90,63,43,-806,-170,183
6,100,91,63,43,-872,-123,151
6,100,91,63,43,-992,-48,76
6,100,91,64,44,-846,-148,275
6,92,91,64,45,-683,-210,632
5,60,91,65,48,-1451,-237,308
0,30,88,65,53,-1071,55,-124
0,2,85,67,63,-846,80,-59
0,0,81,71,76,-854,-37,170
0,0,80,76,89,-838,-113,250
0,0,81,76,90,-807,-346,503
0,0,80,74,86,-817,-285,372
0,0,78,71,82,-755,-213,304
0,0,78,70,81,-736,-236,322
0,0,78,71,81,-747,-294,328
0,0,79,70,79,-759,-315,338
0,0,79,69,78,-739,-306,285
0,0,79,70,78,-743,-302,266
0,0,80,69,75,-691,-397,481
0,0,81,68,72,-691,-309,278
0,0,81,67,70,-704,-376,347
0,0,82,66,67,-707,-295,277
0,0,82,66,66,-705,-298,225
0,0,83,66,64,-742,-439,350
0,0,83,65,62,-702,-421,325
0,0,83,64,61,-658,-392,277
0,0,84,64,60,-688,-409,241
0,0,84,64,59,-696,-380,236
0,0,84,64,59,-678,-358,259
0,0,85,64,57,-726,-436,316
0,0,85,63,56,-695,-366,287
0,0,85,63,56,-700,-339,238
0,0,85,62,55,-732,-387,252
0,0,85,62,55,-701,-355,273
0,0,85,62,54,-732,-351,268
0,0,85,61,53,-760,-369,251
0,0,85,61,52,-752,-347,238
0,0,85,61,51,-719,-328,239
4,0,85,60,50,-725,-378,284
6,4,85,60,49,-740,-371,237
6,10,85,60,49,-692,-380,244
6,23,85,59,48,-717,-330,260
6,32,85,59,48,-722,-318,227
6,38,85,59,48,-760,-350,208
6,38,85,59,48,-715,-343,242
6,36,85,59,48,-756,-377,257
6,34,85,59,48,-754,-392,246
6,24,85,59,48,-756,-371,217
6,15,85,59,48,-711,-318,203
6,6,85,59,48,-684,-381,232
6,6,85,59,48,-740,-432,192
6,5,85,59,47,-711,-430,207
6,7,85,59,47,-659,-411,219
6,6,84,59,47,-659,-451,213
5,7,85,59,47,-682,-461,197
3,5,85,59,47,-648,-414,189
2,6,85,59,47,-654,-475,215
1,6,84,59,47,-703,-484,193
0,4,85,59,47,-689,-399,196
0,2,84,59,47,-715,-384,177
0,0,84,59,47,-822,-436,225
0,0,84,59,47,-812,-328,255
0,0,84,59,48,-787,-105,216
0,0,84,59,48,-956,2,161
0,0,85,60,49,-1065,49,154
0,0,85,60,49,-1011,59,228
0,0,85,61,49,-992,6,292
0,0,86,61,50,-1017,-236,616
0,0,85,61,51,-928,132,77
0,0,85,62,53,-978,45,165
0,0,85,63,57,-924,99,159
0,0,85,65,59,-961,-20,315
0,0,84,64,60,-965,-104,343
0,0,84,64,60,-850,-80,263
0,0,84,64,60,-809,-71,262
0,0,84,64,61,-812,-117,251
0,0,84,64,61,-808,-260,293
0,0,83,64,61,-773,-330,300
0,0,83,64,61,-755,-344,287
0,0,83,64,61,-725,-398,298
0,0,83,64,61,-659,-409,363
0,0,83,64,61,-590,-328,322
0,0,83,64,61,-631,-380,321
0,0,83,64,61,-705,-466,331
0,0,83,64,61,-651,-405,305
0,0,83,64,61,-688,-404,226
0,0,84,64,60,-729,-403,225
0,0,84,64,60,-748,-422,219
0,0,84,64,59,-688,-386,226
0,0,85,64,58,-655,-389,243
0,0,85,64,57,-698,-477,288
0,0,86,64,56,-689,-416,251
0,0,86,63,55,-681,-395,172
0,0,87,64,54,-676,-422,114
0,0,88,63,53,-591,-496,316
0,0,88,63,51,-626,-486,258
5,5,89,63,50,-696,-507,228
6,9,89,62,48,-660,-408,141
6,14,89,62,48,-658,-417,205
6,17,89,62,47,-694,-471,195
6,26,89,62,47,-726,-469,213
6,35,89,62,46,-706,-398,192
6,35,89,62,46,-698,-375,143
6,24,89,62,46,-674,-425,148
6,24,89,62,46,-663,-443,172
6,31,89,62,46,-617,-484,165
6,52,90,62,46,-644,-493,136
6,62,90,62,45,-670,-486,125
6,67,90,62,45,-675,-474,121
6,54,90,62,44,-682,-518,96
6,41,90,62,44,-742,-570,101
6,40,90,62,44,-579,-403,45
6,59,90,62,44,-658,-433,101
6,75,90,62,44,-730,-608,134
6,72,90,62,44,-682,-534,29
6,64,90,62,43,-703,-396,34
6,64,90,61,43,-701,-374,50
6,70,90,61,43,-740,-528,109
6,65,90,62,43,-859,-400,100
6,61,89,62,43,-781,-91,194
6,64,88,62,44,-852,224,168
6,67,88,62,44,-1003,-18,114
6,60,88,62,44,-1134,-143,135
6,66,88,63,44,-1085,-114,170
6,82,88,63,44,-889,125,206
6,94,88,63,45,-898,165,234
6,93,88,63,45,-860,-1,214
6,93,88,63,45,-960,-141,197
6,100,88,63,45,-1026,-250,261
6,92,89,63,46,-772,-566,804
0,57,89,65,50,-966,18,-216
0,20,86,65,56,-913,-170,190
0,0,84,67,63,-797,-77,138
0,0,85,72,75,-793,-138,206
0,0,84,72,75,-820,-300,338
0,0,84,71,74,-784,-308,311
0,0,83,70,72,-745,-287,299
0,0,83,69,71,-787,-275,255
0,0,84,69,69,-805,-350,300
0,0,84,68,67,-757,-314,254
0,0,85,68,66,-705,-397,355
0,0,85,67,65,-752,-407,282
0,0,84,67,65,-681,-324,231
0,0,85,67,64,-621,-326,259
0,0,86,67,63,-696,-489,413
0,0,86,66,61,-693,-371,228
0,0,86,66,60,-698,-363,222
0,0,87,66,59,-660,-363,249
0,0,87,66,58,-697,-368,223
0,0,88,65,56,-726,-425,260
0,0,88,65,55,-722,-390,199
0,0,88,65,54,-696,-356,132
0,0,89,64,53,-697,-446,244
0,0,89,64,52,-697,-436,212
0,0,89,64,51,-708,-415,220
0,0,89,63,50,-696,-360,170
0,0,89,63,49,-725,-386,133
5,2,89,62,47,-733,-410,194
6,6,89,62,47,-724,-388,189
6,17,89,62,46,-732,-384,181
6,28,89,62,46,-727,-352,175
6,37,89,62,46,-737,-359,164
6,39,89,62,46,-737,-416,189
6,43,89,62,46,-741,-397,189
6,52,89,62,46,-729,-352,166
6,56,89,62,45,-753,-373,147
6,55,89,62,45,-724,-409,177
6,51,89,62,45,-740,-399,187
6,57,89,62,45,-712,-352,181
6,63,89,62,45,-747,-336,159
6,61,89,62,45,-739,-348,178
6,53,89,62,45,-760,-384,175
6,47,89,62,45,-788,-382,173
6,54,89,62,45,-695,-349,179
6,56,89,62,45,-748,-346,187
6,57,89,62,45,-712,-334,190
6,50,89,62,45,-772,-351,184
6,49,89,62,46,-748,-303,176
6,49,89,62,46,-768,-340,186
6,50,89,62,45,-764,-359,183
6,50,89,62,46,-763,-374,188
6,50,89,62,45,-744,-361,198
6,55,89,62,45,-746,-332,173
6,59,89,62,45,-767,-375,171
6,55,89,62,45,-736,-352,203
6,47,89,62,46,-723,-337,209
6,40,89,62,45,-768,-370,194
6,40,89,62,46,-763,-353,185
6,40,89,62,46,-727,-320,181
6,38,89,62,45,-775,-352,166
6,39,89,62,45,-748,-361,176
6,40,89,62,45,-744,-349,186
6,42,89,62,45,-724,-344,190
6,42,89,62,45,-749,-398,196
6,43,89,62,45,-742,-393,200
6,45,89,62,45,-746,-307,176
6,50,89,62,45,-727,-319,182
6,42,89,62,45,-763,-408,192
6,31,89,62,45,-744,-354,190
6,26,89,62,45,-746,-328,179
6,32,89,62,45,-768,-381,188
6,29,89,62,45,-770,-342,194
6,17,89,62,45,-759,-317,190
6,6,89,62,45,-793,-330,177
6,6,89,62,46,-754,-316,174
6,9,89,62,45,-748,-362,197
6,14,89,62,45,-743,-352,204
6,23,89,62,46,-738,-269,182
6,26,89,62,45,-765,-274,173
6,24,89,62,45,-798,-349,181
6,16,89,62,46,-754,-322,189
6,22,89,62,46,-746,-233,201
6,31,89,62,46,-775,-206,180
6,40,89,62,46,-834,-294,176
6,39,89,62,46,-856,-300,189
6,45,89,62,46,-844,-316,255
6,50,89,62,46,-833,-228,247
5,39,89,63,47,-919,-200,191
0,19,89,63,48,-891,-361,370
0,2,88,63,50,-819,-180,152
0,0,87,64,53,-833,-138,181
0,0,86,64,55,-814,-113,184
0,0,87,66,58,-843,-209,274
0,0,87,66,59,-826,-265,331
0,0,87,66,59,-848,-217,262
0,0,86,66,59,-845,-204,247
0,0,86,66,59,-764,-207,295
0,0,87,66,59,-774,-225,259
0,0,87,66,59,-785,-290,288
0,0,87,66,59,-785,-253,249
0,0,87,66,59,-776,-250,229
0,0,86,66,59,-756,-287,290
0,0,87,66,59,-719,-249,258
0,0,87,66,59,-747,-323,284
0,0,87,66,59,-743,-325,260
0,0,86,65,59,-738,-314,231
0,0,86,66,59,-739,-349,256
0,0,86,66,59,-730,-364,285
0,0,86,65,59,-734,-331,239
0,0,86,65,59,-758,-347,219
0,0,86,65,58,-767,-356,232
0,0,86,65,58,-744,-366,241
0,0,86,65,58,-803,-401,225
0,0,86,65,58,-757,-339,209
0,0,86,65,58,-715,-359,217
0,0,87,65,58,-708,-412,248
0,0,87,65,58,-708,-384,218
0,0,87,65,57,-689,-381,215
0,0,87,65,57,-703,-390,207
0,0,87,65,56,-689,-366,167
0,0,88,64,54,-722,-400,190
0,0,88,64,52,-722,-427,264
0,0,88,63,51,-740,-417,223
0,0,88,62,49,-771,-405,194
0,0,88,62,48,-760,-375,148
6,4,88,62,48,-724,-402,215
6,10,88,62,47,-719,-394,200
6,19,88,61,47,-727,-387,188
6,25,88,61,47,-752,-371,169
6,22,88,61,47,-745,-359,188
6,13,88,61,47,-723,-346,182
6,4,88,61,47,-767,-331,163
6,3,88,61,47,-744,-323,173
6,3,88,61,47,-757,-361,199
6,3,88,61,47,-747,-355,200
6,3,88,61,47,-741,-347,189
6,3,88,61,47,-782,-319,177
6,2,88,61,47,-760,-338,187
6,2,88,61,47,-782,-345,163
6,2,88,61,47,-761,-356,195
6,3,88,61,47,-761,-352,203
6,2,88,61,47,-760,-334,189
6,2,88,61,47,-749,-316,193
6,2,88,61,47,-729,-320,212
6,2,88,61,47,-747,-324,200
6,2,88,61,47,-755,-323,196
6,2,88,61,47,-744,-296,186
6,3,88,61,47,-751,-321,174
6,3,88,61,47,-785,-388,211
6,3,88,61,47,-774,-359,203
6,3,88,61,47,-773,-310,202
6,2,88,61,46,-774,-294,193
6,2,88,61,47,-804,-326,198
5,3,88,61,47,-796,-330,214
3,5,88,61,47,-771,-264,207
4,6,88,61,47,-798,-287,192
6,5,88,61,47,-799,-336,209
5,4,88,61,47,-758,-312,221
6,3,88,61,47,-749,-274,211
4,4,88,61,47,-803,-295,189
6,3,88,61,47,-783,-286,190
6,3,88,61,47,-779,-258,207
6,2,88,61,47,-785,-278,204
5,4,88,61,47,-835,-348,205
6,3,88,61,47,-790,-295,209
6,3,88,61,47,-775,-228,201
6,2,88,61,47,-761,-225,199
6,3,88,61,47,-787,-300,222
6,3,88,61,47,-807,-279,215
6,3,88,61,47,-757,-157,183
6,7,88,61,47,-792,-193,178
6,10,88,61,47,-836,-267,203
6,14,88,61,47,-847,-230,219
6,22,88,61,47,-867,-209,197
6,30,88,62,47,-920,-246,203
6,28,88,62,47,-947,-271,270
4,17,89,62,47,-934,-391,605
0,4,89,63,50,-845,51,53
0,2,87,64,53,-900,-41,167
0,0,86,66,59,-952,25,84
0,0,85,68,64,-909,-48,292
0,0,84,68,67,-907,-113,335
0,0,83,68,68,-852,-144,279
0,0,82,67,68,-825,-173,244
0,0,82,68,70,-837,-172,303
0,0,82,69,72,-754,-168,301
0,0,82,69,73,-670,-254,400
0,0,81,68,72,-724,-276,315
0,0,81,67,71,-764,-299,319
0,0,81,67,70,-750,-279,242
0,0,82,68,70,-700,-289,262
0,0,82,67,70,-710,-305,252
0,0,83,68,69,-709,-395,305
0,0,83,67,68,-705,-423,322
0,0,83,67,68,-642,-348,282
0,0,83,67,67,-670,-384,288
0,0,83,66,65,-754,-436,287
0,0,84,66,65,-739,-329,213
0,0,84,66,64,-652,-361,195
0,0,85,67,63,-698,-469,283
0,0,85,66,63,-718,-327,208
0,0,85,66,63,-694,-382,282
0,0,85,66,62,-748,-451,285
0,0,84,66,62,-762,-437,327
0,0,84,66,62,-750,-344,274
0,0,84,65,62,-791,-256,204
0,0,84,65,62,-789,-243,232
0,0,85,66,61,-807,-271,230
0,0,85,66,61,-737,-283,249
0,0,85,66,60,-776,-359,327
0,0,86,65,59,-793,-346,298
0,0,86,65,57,-773,-324,255
0,0,87,64,55,-737,-317,261
0,0,87,64,54,-734,-284,231
0,0,88,63,52,-719,-321,255
0,0,88,62,50,-783,-373,313
4,0,88,62,49,-759,-242,174
6,4,88,62,48,-760,-239,153
6,16,88,62,48,-814,-322,185
6,22,88,62,48,-842,-344,173
6,19,88,62,47,-794,-315,160
6,17,88,62,47,-756,-292,170
6,13,88,62,47,-765,-281,135
5,17,88,61,47,-866,-361,98
6,13,88,61,47,-833,-368,137
6,16,88,61,47,-751,-297,119
6,15,88,61,47,-765,-268,104
5,9,88,61,47,-859,-366,110
3,4,88,61,47,-769,-251,89
6,0,88,61,47,-793,-286,78
2,2,88,61,47,-838,-413,108
0,2,88,61,47,-815,-324,67
6,2,88,62,47,-765,-194,16
3,2,88,62,47,-810,-260,16
2,2,88,62,47,-938,-343,4
0,2,88,62,47,-838,-276,-9
1,0,88,62,47,-787,-167,-61
5,1,88,62,47,-839,-209,-55
1,4,89,62,47,-881,-229,-56
0,4,89,62,48,-849,-162,-152
0,2,89,63,49,-879,-249,-96
0,0,89,63,50,-830,-334,86
0,0,88,64,52,-763,-133,-100
0,0,88,64,54,-886,-242,-124
0,0,87,65,57,-853,-253,-115
0,0,87,66,59,-771,-203,144
0,0,88,66,60,-821,-211,1
0,0,87,66,60,-1013,-439,14
0,0,87,66,60,-871,-356,171
0,0,87,67,61,-554,-108,256
0,0,87,66,61,-705,-171,129
0,0,85,65,59,-903,-293,112
0,0,86,65,58,-736,-224,323
0,0,87,65,58,-643,-216,258
0,0,86,65,58,-801,-347,94
0,0,86,64,57,-815,-269,233
0,0,87,65,57,-690,-105,314
0,0,87,65,56,-911,-224,93
0,0,86,64,56,-1030,-450,196
0,0,86,64,56,-829,-301,294
0,0,87,65,56,-729,-133,221
0,0,87,64,56,-734,-85,128
0,0,87,64,55,-919,-268,170
0,0,87,64,55,-811,-329,274
0,0,87,64,54,-772,-301,274
0,0,88,64,53,-827,-301,239
0,0,88,63,52,-875,-245,100
0,0,88,63,51,-831,-344,340
1,0,88,63,49,-852,-189,52
5,2,89,62,48,-812,-311,140
6,6,89,62,47,-823,-357,178
6,7,89,62,47,-784,-241,140
6,12,89,62,47,-748,-225,139
6,20,89,62,46,-753,-280,149
6,25,89,62,46,-780,-272,134
6,19,89,62,46,-843,-219,73
6,12,88,61,46,-810,-231,81
6,9,88,61,46,-766,-262,135
6,8,88,62,46,-832,-261,98
6,7,89,61,46,-906,-289,66
6,7,89,62,46,-881,-268,78
5,6,88,62,46,-879,-224,20
5,4,89,62,46,-916,-206,-12
6,3,89,62,47,-897,-213,17
6,4,89,62,47,-876,-214,29
6,6,89,62,47,-856,-217,47
6,11,89,62,47,-775,-182,46
6,12,89,62,47,-875,-199,9
2,10,89,62,47,-894,-227,2
1,4,88,62,47,-844,-199,-43
6,2,88,62,47,-794,-175,-44
1,0,88,62,47,-833,-153,-90
3,0,88,62,47,-934,-191,-150
5,0,88,62,47,-945,-218,-138
0,0,88,62,47,-771,-161,-143
0,0,88,62,48,-835,-153,-113
0,0,88,63,49,-858,-200,-78
0,0,88,63,51,-818,-194,-77
0,0,88,64,53,-753,-146,-15
0,0,88,64,54,-800,-122,-31
0,0,88,64,54,-911,-228,21
0,0,87,64,55,-904,-271,-56
0,0,87,65,56,-791,-227,28
0,0,87,66,58,-788,-182,88
0,0,87,66,58,-895,-247,112
0,0,87,66,58,-934,-238,8
0,0,87,66,59,-832,-255,134
0,0,86,66,60,-786,-291,189
0,0,87,66,60,-830,-269,142
0,0,86,66,60,-823,-169,165
0,0,86,66,60,-678,-127,197
0,0,86,66,60,-791,-209,144
0,0,86,65,59,-953,-202,112
0,0,86,65,59,-850,-134,133
0,0,87,66,59,-789,-235,229
0,0,87,66,58,-875,-332,168
0,0,87,66,58,-862,-242,132
0,0,88,65,57,-799,-114,210
0,0,88,65,56,-845,-186,124
0,0,87,65,56,-923,-347,146
0,0,87,64,55,-851,-294,235
0,0,87,64,55,-750,-122,181
0,0,88,64,55,-831,-198,189
0,0,88,64,54,-866,-240,177
0,0,87,64,54,-786,-223,259
0,0,87,64,54,-814,-275,233
0,0,88,64,53,-870,-303,247
0,0,88,63,52,-877,-269,185
0,0,89,63,51,-919,-206,99
0,0,89,63,49,-843,-260,226
0,0,89,63,48,-858,-168,66
6,0,89,62,48,-855,-172,72
6,0,89,62,47,-852,-178,96
4,0,89,62,47,-829,-166,101
3,0,89,62,47,-818,-315,177
0,0,89,62,47,-849,-337,180
0,0,89,62,47,-784,-207,124
0,0,89,62,47,-828,-155,108
0,0,89,62,47,-926,-204,76
2,0,88,62,47,-979,-284,98
6,0,89,62,47,-836,-161,101
2,0,89,62,47,-822,-71,25
5,0,89,62,47,-937,-224,68
1,0,89,62,47,-895,-183,68
2,0,89,62,47,-863,-98,-4
6,0,88,62,47,-926,-184,28
4,0,88,62,47,-850,-137,26
6,8,88,62,47,-821,-160,27
6,14,88,62,46,-914,-281,57
6,14,88,62,47,-799,-162,30
6,13,89,62,47,-754,-119,7
4,12,88,62,46,-835,-212,-25
1,12,88,62,46,-936,-262,-54
2,6,88,62,46,-848,-96,-114
6,4,88,62,46,-924,-73,-166
2,6,88,62,47,-1048,-173,-115
0,6,88,62,48,-897,-248,-59
0,2,89,63,48,-814,-141,-117
0,0,89,63,49,-882,-107,-134
0,0,89,63,50,-838,-153,-46
0,0,89,63,51,-831,-273,151
0,0,88,64,52,-819,-158,-46
0,0,88,64,53,-891,-69,-141
0,0,87,64,55,-809,-90,12
0,0,87,65,57,-788,-174,82
0,0,88,65,57,-889,-288,141
0,0,87,65,57,-900,-222,58
0,0,87,65,57,-853,-191,106
0,0,87,65,57,-820,-151,109
0,0,87,65,57,-872,-223,141
0,0,87,65,57,-952,-260,74
0,0,87,65,57,-890,-215,68
0,0,87,65,57,-726,-68,147
0,0,87,65,57,-773,-92,136
0,0,87,65,56,-942,-323,78
0,0,86,64,56,-909,-368,195
0,0,87,64,56,-774,-223,213
0,0,87,65,56,-817,-153,142
0,0,87,65,56,-862,-190,123
0,0,87,65,56,-752,-114,172
0,0,87,64,56,-767,-70,199
0,0,88,64,55,-1007,-212,23
0,0,87,64,54,-937,-330,168
0,0,87,63,53,-827,-223,197
0,0,87,64,53,-862,-181,177
0,0,88,64,53,-946,-252,157
0,0,87,64,53,-940,-244,128
0,0,87,63,53,-829,-197,172
0,0,87,64,53,-812,-149,177
0,0,88,64,53,-830,-112,180
0,0,88,63,53,-830,-160,205
0,0,88,63,52,-856,-272,237
0,0,88,63,51,-918,-279,140
0,0,88,63,50,-914,-218,75
0,0,88,62,49,-840,-202,174
5,0,88,62,49,-792,-220,165
5,0,88,62,48,-860,-251,134
6,0,88,62,47,-898,-174,89
6,0,88,62,47,-877,-131,79
6,1,89,62,47,-853,-229,145
6,1,89,62,47,-816,-285,195
6,1,89,62,47,-867,-262,152
6,0,89,62,47,-838,-222,124
6,1,88,62,47,-814,-179,118
0,1,88,62,47,-837,-167,92
6,1,89,62,47,-884,-197,81
3,1,89,62,47,-826,-125,91
1,1,89,62,47,-842,-113,65
2,2,88,62,47,-936,-227,55
1,2,88,62,47,-929,-247,71
6,2,88,62,47,-857,-163,57
5,0,88,62,47,-908,-91,-26
2,0,88,62,47,-954,-140,-25
5,0,88,62,47,-799,-166,79
4,0,88,62,47,-783,-158,52
1,0,88,62,47,-873,-142,-37
5,0,88,62,47,-900,-154,-62
1,0,88,61,47,-830,-149,-90
1,0,88,62,47,-878,-140,-141
0,0,88,62,47,-958,-62,-203
1,0,88,62,48,-858,-75,-169
0,0,88,62,48,-992,-373,92
0,0,88,63,50,-928,-274,-153
0,0,88,64,52,-945,-154,-312
0,0,87,64,55,-796,-58,-128
0,0,88,67,59,-756,-55,-40
0,0,88,67,60,-829,-114,-26
0,0,87,65,58,-912,-199,16
0,0,87,65,58,-949,-157,-46
0,0,87,65,58,-834,-73,47
0,0,87,66,58,-730,-123,148
0,0,87,65,58,-897,-271,114
0,0,87,65,57,-980,-254,121
0,0,86,65,57,-860,-141,136
0,0,87,65,57,-747,-130,143
0,0,87,65,57,-891,-212,117
0,0,87,65,56,-943,-193,131
0,0,87,64,56,-811,-116,114
0,0,87,64,56,-825,-213,173
0,0,87,64,56,-962,-294,122
0,0,87,64,56,-832,-165,85
0,0,87,64,55,-779,-104,221
0,0,87,64,55,-817,-189,191
0,0,88,64,55,-847,-276,198
0,0,87,64,55,-794,-160,189
0,0,87,64,54,-853,-82,165
0,0,87,64,54,-940,-200,71
0,0,87,64,54,-865,-282,190
0,0,88,64,54,-753,-147,235
0,0,88,64,53,-859,-142,199
0,0,88,64,53,-966,-246,76
0,0,88,63,52,-874,-202,239
0,0,88,64,51,-883,-197,310
0,0,89,64,51,-825,-198,240
0,0,89,63,50,-875,-275,264
0,0,89,63,49,-823,-173,199
0,0,89,62,49,-817,-167,144
3,0,88,62,48,-868,-224,141
6,2,88,62,48,-796,-253,215
5,4,89,62,48,-835,-249,202
6,5,89,62,47,-896,-170,117
6,3,89,62,47,-921,-161,105
6,1,89,62,47,-879,-187,153
6,0,89,62,47,-931,-292,206
5,1,89,62,47,-871,-256,199
6,2,89,62,47,-811,-253,185
0,2,89,62,47,-829,-258,167
1,0,89,62,47,-929,-212,123
0,0,89,62,47,-860,-116,84
0,0,89,62,47,-828,-133,85
6,1,89,62,47,-980,-214,79
6,2,89,62,47,-835,-53,31
1,2,89,62,47,-742,-51,55
0,1,88,62,47,-798,-143,85
0,0,88,62,47,-957,-76,-46
1,0,89,62,47,-797,-9,-113
0,0,89,62,47,-804,-145,-72
0,0,88,62,47,-879,-210,-82
0,0,89,62,47,-932,11,-282
0,0,88,62,47,-934,-44,-204
0,0,88,62,48,-986,-96,-238
0,0,88,63,49,-951,-425,241
0,0,88,64,52,-868,-18,-372
0,0,88,65,55,-827,-61,-128
0,0,87,66,58,-834,-123,-29
0,0,87,67,61,-981,-299,61
0,0,87,67,62,-969,-90,-93
0,0,86,67,62,-850,-6,33
0,0,86,67,63,-855,-58,8
0,0,86,67,63,-946,-173,27
0,0,86,67,62,-985,-153,104
0,0,86,67,62,-808,-52,76
0,0,87,67,62,-786,-75,98
0,0,86,67,62,-874,-126,138
0,0,86,66,61,-845,-147,173
0,0,87,66,60,-816,-98,127
0,0,86,66,60,-883,-139,158
0,0,86,66,59,-861,-211,215
0,0,86,65,59,-831,-200,191
0,0,86,65,58,-892,-165,134
0,0,86,65,58,-880,-61,127
0,0,87,65,58,-858,-125,217
0,0,87,65,57,-884,-238,185
0,0,86,64,57,-901,-189,151
0,0,87,64,56,-836,-54,204
0,0,87,64,56,-859,-124,202
0,0,87,64,56,-896,-208,147
0,0,87,64,55,-825,-165,174
0,0,87,64,55,-839,-91,180
0,0,87,64,54,-926,-141,135
0,0,87,64,54,-860,-201,238
0,0,87,64,53,-861,-141,270
0,0,88,64,53,-915,-131,211
0,0,88,63,52,-933,-144,163
0,0,88,63,52,-869,-130,208
0,0,88,63,51,-832,-192,316
0,0,88,63,50,-837,-214,225
0,0,88,63,49,-904,-139,125
0,0,88,62,49,-927,-82,84
1,0,88,62,48,-906,-126,176
6,4,88,62,48,-862,-211,212
6,7,89,62,48,-934,-206,183
6,7,89,62,48,-902,-125,129
6,3,89,62,47,-874,-107,147
6,0,88,62,47,-825,-107,165
6,0,88,62,47,-919,-248,201
3,0,88,62,47,-870,-233,198
6,0,88,62,47,-782,-112,159
0,0,88,62,47,-860,-96,97
0,0,88,61,47,-879,-31,42
6,1,88,62,47,-865,-56,68
6,2,88,62,47,-947,-137,85
6,4,88,62,47,-984,-144,48
6,6,88,62,47,-861,-80,37
4,7,88,62,47,-904,-69,-14
2,5,88,62,47,-965,-38,-96
6,8,88,62,47,-970,-79,-112
6,12,88,62,47,-833,-133,-85
6,14,88,62,47,-853,-152,-76
0,8,88,62,47,-1000,-40,-160
0,1,88,62,48,-959,-169,140
0,0,88,63,51,-787,37,-306
0,0,87,65,55,-912,-48,-231
0,0,86,66,60,-952,-25,-141
0,0,87,68,63,-859,34,-16
0,0,87,68,64,-904,29,-36
0,0,86,67,63,-1041,-85,3
0,0,86,67,62,-1047,-122,1
0,0,87,67,62,-858,8,143
0,0,87,67,62,-770,65,160
0,0,87,67,62,-978,-64,50
0,0,86,66,60,-1000,-130,163
0,0,87,66,59,-852,-30,174
0,0,87,66,59,-909,-81,91
0,0,87,66,59,-1011,-269,169
0,0,87,66,59,-842,-109,174
0,0,88,66,58,-755,3,207
0,0,88,66,58,-903,-178,128
0,0,88,65,58,-948,-292,186
0,0,88,65,57,-755,-151,232
0,0,88,65,57,-744,-118,291
0,0,88,65,57,-957,-184,119
0,0,88,65,56,-877,-217,182
0,0,88,65,56,-780,-152,215
0,0,89,65,56,-784,-153,213
0,0,88,65,55,-903,-184,123
0,0,88,65,54,-851,-194,128
0,0,89,65,54,-810,-97,173
0,0,89,65,53,-803,-57,166
0,0,89,65,53,-910,-168,132
0,0,89,64,53,-868,-193,220
0,0,89,64,52,-890,-143,193
0,0,89,64,52,-907,-129,246
0,0,89,64,52,-869,-83,352
0,0,89,64,51,-944,-136,352
0,0,89,64,51,-954,-79,170
0,0,89,64,51,-810,-108,255
0,0,89,64,51,-805,-120,225
0,0,89,64,51,-887,-204,163
0,0,89,64,50,-947,-220,69
0,0,89,64,50,-925,-91,-241
0,0,89,63,50,-821,-225,72
0,0,89,63,49,-834,48,-194
5,6,89,63,47,-881,-161,-82
6,11,89,62,46,-862,-264,-54
6,19,89,62,45,-909,-240,-68
6,23,89,62,45,-899,-142,-109
6,31,89,62,45,-842,-192,-52
6,31,89,62,45,-892,-232,-9
6,29,89,62,45,-900,-171,-10
6,32,89,62,44,-905,-95,-25
6,47,89,62,44,-861,-75,-29
6,52,89,62,44,-905,-46,-43
6,45,89,62,44,-929,-139,10
6,30,89,62,44,-918,-87,10
6,39,89,62,44,-896,-65,-15
6,54,89,62,44,-893,-85,-14
6,64,89,62,44,-903,-93,15
6,56,89,62,44,-900,-70,11
6,49,89,62,44,-938,-109,-11
6,49,89,62,44,-891,-23,-64
6,47,89,62,44,-890,-28,-1
6,43,89,62,44,-930,-89,-9
6,33,89,62,44,-971,-150,-25
6,33,89,62,44,-887,-81,-34
6,44,89,62,44,-917,-76,2
6,57,89,62,44,-896,-50,4
6,54,89,62,44,-939,-49,-40
6,46,89,62,44,-921,-3,-54
6,39,89,62,44,-920,-14,-44
6,44,89,62,44,-922,-76,-13
6,41,89,62,44,-912,-57,0
6,50,89,62,44,-864,88,-37
6,62,89,62,44,-890,28,-23
6,71,89,62,44,-974,-122,-22
6,68,89,62,44,-990,-141,-4
6,75,89,62,44,-888,24,-1
6,88,90,62,44,-869,113,24
6,91,90,62,44,-936,121,1
6,73,90,63,44,-1071,0,24
6,61,90,63,45,-1078,48,4
6,61,90,63,45,-968,138,23
4,47,90,63,45,-903,-120,463
0,25,90,64,48,-1019,180,-197
0,2,89,65,51,-936,152,2
0,0,88,66,55,-846,180,-71
0,0,88,68,61,-881,35,100
0,0,88,68,62,-952,-80,204
0,0,88,68,62,-949,-70,118
0,0,87,68,61,-925,-95,146
0,0,87,68,62,-923,-80,127
0,0,88,68,63,-943,-126,123
0,0,87,68,63,-938,-152,145
0,0,87,68,63,-894,-120,134
0,0,87,69,64,-948,-130,111
0,0,88,69,64,-951,-74,64
0,0,88,69,64,-868,-52,127
0,0,89,69,63,-819,-79,107
0,0,89,69,63,-907,-167,84
0,0,89,69,61,-841,-119,124
0,0,90,69,61,-795,-41,97
0,0,90,69,60,-918,-200,120
0,0,90,68,59,-856,-192,171
0,0,90,68,58,-831,-180,117
0,0,91,68,57,-918,-228,125
0,0,91,67,56,-813,-188,95
0,0,91,67,54,-802,-130,-1
0,0,92,66,52,-785,-150,-17
0,0,92,65,50,-761,-280,173
5,6,92,64,48,-821,-282,152
6,11,92,64,47,-857,-290,103
6,21,92,63,46,-887,-296,73
6,26,92,63,46,-839,-247,88
6,33,92,63,46,-835,-217,79
6,33,92,63,46,-829,-207,89
6,24,92,63,46,-867,-210,86
2,14,92,63,45,-873,-185,79
6,5,92,63,45,-883,-163,84
6,8,92,63,45,-863,-141,93
6,10,92,63,45,-875,-126,86
6,10,92,63,45,-917,-157,77
6,8,91,63,45,-907,-172,93
6,10,91,63,45,-901,-140,75
6,15,91,63,45,-896,-103,74
6,19,91,63,45,-901,-64,85
6,17,91,63,45,-928,-65,86
6,13,91,64,45,-964,-99,88
6,8,91,64,45,-942,-66,87
6,5,91,64,45,-907,-44,77
6,4,91,64,45,-922,-81,64
6,3,91,63,45,-885,-89,68
6,3,91,63,45,-866,-113,69
6,3,91,63,45,-889,-123,81
6,5,91,63,45,-907,-140,85
6,8,92,63,45,-896,-124,114
6,7,92,64,46,-903,-53,104
6,5,92,64,46,-959,-8,156
0,2,92,64,47,-880,-118,553
0,1,92,65,49,-892,288,-171
0,0,92,67,53,-1025,109,-65
0,0,91,68,57,-901,64,151
0,0,91,70,61,-905,85,188
0,0,91,70,60,-902,53,187
0,0,90,68,58,-884,6,198
0,0,90,68,57,-944,-68,191
0,0,90,67,56,-940,-77,187
0,0,90,66,55,-907,-113,278
0,0,90,67,55,-875,-55,159
0,0,90,67,56,-874,-64,146
0,0,89,67,57,-785,-64,175
0,0,89,67,57,-853,-134,186
0,0,89,67,57,-856,-199,202
0,0,89,67,56,-854,-230,165
0,0,89,66,56,-870,-261,198
0,0,89,66,56,-846,-227,190
0,0,89,67,56,-858,-200,195
0,0,89,67,56,-859,-233,216
0,0,89,66,56,-858,-215,193
0,0,89,66,56,-846,-187,192
0,0,89,66,56,-851,-191,193
0,0,89,67,56,-863,-220,224
0,0,90,67,55,-826,-176,186
0,0,89,66,55,-849,-193,215
0,0,89,66,55,-837,-203,224
0,0,89,66,55,-818,-164,209
0,0,89,66,55,-815,-162,225
0,0,89,66,55,-855,-184,209
0,0,89,66,54,-868,-187,212
0,0,89,65,54,-813,-154,233
0,0,89,65,54,-835,-166,240
0,0,88,65,53,-849,-154,235
0,0,88,65,53,-837,-138,224
0,0,88,65,53,-848,-183,242
0,0,88,65,54,-886,-217,272
0,0,88,65,54,-881,-162,231
0,0,88,65,54,-876,-162,239
0,0,88,65,54,-887,-154,252
0,0,88,65,55,-901,-145,251
0,0,88,65,55,-893,-114,243
0,0,88,65,55,-883,-117,279
0,0,88,65,55,-899,-68,235
0,0,88,66,56,-928,-89,282
0,0,88,66,56,-899,-47,226
0,0,88,66,56,-903,-115,263
0,0,88,66,57,-866,-77,225
0,0,88,66,57,-840,-61,265
0,0,88,66,58,-807,-89,257
0,0,88,66,58,-814,-105,256
0,0,88,66,58,-853,-72,224
0,0,88,66,58,-812,-67,228
0,0,88,67,58,-864,-46,174
0,0,88,67,58,-897,-82,159
0,0,88,67,58,-865,-117,226
0,0,88,67,59,-806,-89,214
0,0,88,67,58,-852,-117,225
0,0,88,67,59,-887,-131,178
0,0,88,66,59,-890,-194,196
0,0,88,67,59,-872,-164,172
0,0,88,67,59,-884,-208,195
0,0,87,66,58,-869,-244,201
0,0,87,66,58,-836,-183,196
0,0,87,66,58,-835,-157,168
0,0,87,66,58,-860,-199,188
0,0,87,66,58,-835,-147,167
0,0,87,65,57,-853,-157,208
0,0,87,65,57,-874,-135,154
0,0,87,65,57,-912,-108,116
0,0,87,65,56,-872,-112,153
0,0,87,64,55,-858,-133,175
0,0,87,64,54,-846,-141,172
0,0,87,63,52,-890,-50,-94
0,0,87,62,50,-888,-523,834
0,0,87,62,49,-853,-178,210
6,2,88,61,48,-872,-182,146
6,5,87,61,47,-887,-167,68
6,13,87,61,47,-880,-166,106
6,21,87,61,46,-871,-197,125
6,28,87,61,46,-873,-198,126
6,27,87,61,46,-847,-142,79
6,27,87,61,46,-866,-179,108
6,28,88,61,46,-859,-172,107
6,30,87,61,46,-840,-173,89
6,22,87,61,46,-857,-177,66
6,17,87,61,46,-855,-160,76
6,18,87,61,46,-832,-156,94
6,24,87,61,45,-891,-205,106
5,22,87,61,45,-922,-215,96
2,14,87,61,45,-975,-138,53
6,9,88,61,45,-930,-90,57
6,9,88,61,45,-918,-101,57
3,13,88,61,45,-930,-107,52
6,15,88,61,45,-922,-81,86
6,16,88,61,45,-898,-91,109
6,11,88,61,45,-909,-90,106
2,9,88,61,46,-919,-31,101
2,9,88,61,46,-876,33,105
5,13,88,61,46,-868,72,117
5,18,88,61,46,-909,56,93
6,17,87,61,46,-1012,-94,126
6,15,87,61,46,-954,-63,156
6,12,88,61,46,-893,59,151
0,10,88,61,46,-922,0,273
0,4,88,62,48,-988,-29,185
0,0,88,63,50,-786,101,63
0,0,87,63,53,-866,100,113
0,0,86,64,56,-907,-3,183
0,0,87,65,58,-953,-95,248
0,0,87,66,58,-961,-100,247
0,0,87,66,58,-918,1,202
0,0,87,66,58,-936,2,211
0,0,87,66,59,-978,-46,236
0,0,87,67,60,-990,-39,208
0,0,87,67,60,-898,5,196
0,0,87,67,60,-870,11,217
0,0,87,67,60,-858,-2,208
0,0,87,66,60,-851,-64,269
0,0,87,66,59,-847,-89,275
0,0,87,66,59,-862,-84,222
0,0,87,66,59,-850,-124,247
0,0,87,66,58,-862,-120,232
0,0,87,66,58,-848,-128,257
0,0,87,66,58,-856,-126,230
0,0,87,66,58,-879,-186,260
0,0,87,66,58,-834,-102,190
0,0,86,66,58,-869,-137,236
0,0,87,66,58,-871,-169,246
0,0,86,66,59,-887,-149,194
0,0,87,66,58,-874,-142,220
0,0,87,66,59,-885,-101,181
0,0,87,66,59,-911,-158,181
0,0,87,66,59,-914,-139,161
0,0,87,66,59,-835,-136,197
0,0,87,66,59,-815,-151,181
0,0,87,66,59,-820,-195,228
0,0,87,66,59,-800,-196,240
0,0,87,66,59,-822,-212,197
0,0,87,66,59,-840,-235,183
0,0,87,66,59,-822,-200,220
0,0,87,66,59,-764,-135,184
0,0,87,66,59,-803,-165,188
0,0,87,66,59,-841,-154,171
0,0,87,66,59,-832,-150,178
0,0,87,66,58,-896,-182,137
0,0,87,66,58,-908,-175,163
0,0,87,66,58,-863,-141,158
0,0,87,66,58,-889,-155,141
0,0,88,66,58,-899,-164,165
0,0,88,66,57,-899,-108,119
0,0,88,66,57,-888,-127,45
0,0,88,66,56,-825,-131,-1
0,0,89,65,54,-822,-230,236
0,0,89,64,51,-851,-313,343
0,0,89,63,49,-901,-201,126
3,0,89,62,47,-849,-126,91
6,4,89,62,46,-831,-154,122
6,13,89,62,46,-877,-215,109
6,24,89,62,46,-882,-183,99
6,28,89,62,46,-865,-133,70
6,28,89,62,46,-882,-149,22
6,25,89,62,46,-860,-169,49
6,25,89,62,46,-882,-214,95
6,28,89,62,45,-904,-205,78
6,28,89,62,45,-883,-193,60
6,21,89,62,45,-869,-138,39
3,12,89,62,45,-863,-134,46
4,6,89,62,45,-904,-207,73
6,5,89,62,45,-927,-186,61
6,5,89,62,45,-892,-124,26
5,7,89,62,45,-874,-95,36
0,5,89,62,45,-912,-109,53
0,4,89,62,45,-921,-108,35
6,1,89,62,46,-948,-112,38
6,4,89,62,46,-857,-56,55
6,6,89,62,46,-875,-73,46
6,10,89,62,45,-919,-107,83
4,16,89,62,45,-911,-134,68
6,20,89,62,45,-864,-37,45
6,22,89,62,45,-893,-55,51
6,20,89,62,45,-922,-101,50
6,21,89,62,45,-922,-139,56
6,21,89,62,45,-870,-45,45
6,20,89,62,45,-870,-45,63
6,19,89,62,45,-894,-75,66
6,16,89,62,45,-939,-96,62
6,17,89,62,45,-922,-60,46
6,20,89,62,45,-892,-39,54
6,23,89,62,45,-901,-56,64
6,22,89,62,45,-914,-45,77
6,16,89,62,45,-912,-25,99
6,11,89,62,45,-904,5,75
5,8,89,62,45,-984,11,43
6,9,89,62,45,-981,6,90
6,10,89,62,46,-950,-159,323
0,7,89,63,47,-1007,-38,219
0,3,89,64,50,-934,232,-215
0,0,89,65,54,-911,138,22
0,0,89,68,58,-883,74,129
0,0,89,68,60,-937,-10,148
0,0,88,67,60,-910,-20,135
0,0,88,67,59,-915,-40,125
0,0,88,67,59,-881,-87,171
0,0,88,67,59,-911,-98,118
0,0,88,66,59,-902,-199,203
0,0,88,66,58,-858,-100,123
0,0,88,66,58,-845,-121,148
0,0,88,66,58,-886,-158,135
0,0,87,66,58,-917,-192,138
0,0,87,66,58,-880,-146,112
0,0,87,66,58,-869,-138,102
0,0,87,66,58,-914,-198,116
0,0,88,66,58,-889,-208,136
0,0,88,66,58,-867,-180,125
0,0,87,66,58,-831,-197,138
0,0,87,66,58,-869,-208,150
0,0,88,66,58,-889,-182,86
0,0,87,66,58,-864,-197,111
0,0,88,66,58,-838,-188,92
0,0,88,66,58,-851,-226,133
0,0,87,66,57,-841,-217,129
0,0,87,66,57,-815,-222,155
0,0,88,66,57,-807,-200,135
0,0,87,65,57,-821,-220,144
0,0,87,65,57,-853,-251,141
0,0,87,65,57,-836,-216,150
0,0,87,66,57,-841,-170,142
0,0,88,66,57,-862,-196,135
0,0,87,65,57,-885,-231,160
0,0,87,65,57,-862,-190,149
0,0,87,66,57,-858,-158,140
0,0,87,65,57,-860,-195,166
0,0,87,65,57,-871,-184,154
0,0,87,66,57,-872,-157,140
0,0,87,65,57,-858,-146,150
0,0,87,66,57,-883,-169,140
0,0,87,66,57,-883,-182,148
0,0,87,65,57,-845,-151,149
0,0,88,66,57,-825,-148,163
0,0,87,65,57,-838,-192,200
0,0,87,65,57,-855,-198,202
0,0,87,65,57,-890,-196,176
0,0,87,65,57,-931,-205,171
0,0,87,66,57,-892,-157,178
0,0,87,66,58,-906,-106,148
0,0,87,66,58,-890,-90,148
0,0,87,66,58,-867,-113,226
0,0,88,66,58,-857,-67,221
0,0,88,66,58,-884,-87,216
0,0,87,66,58,-908,-141,216
0,0,87,66,58,-856,-118,196
0,0,87,66,58,-826,-141,201
0,0,87,66,58,-836,-178,200
0,0,88,66,58,-816,-151,156
0,0,88,66,58,-814,-177,146
0,0,87,66,58,-814,-195,141
0,0,88,66,58,-806,-204,142
0,0,88,66,58,-782,-230,178
0,0,88,66,57,-795,-233,162
0,0,88,66,57,-804,-252,185
0,0,88,66,57,-812,-251,182
0,0,88,66,58,-828,-266,176
0,0,88,66,58,-855,-295,194
0,0,87,66,57,-829,-207,142
0,0,87,66,57,-853,-226,158
0,0,87,66,58,-859,-222,171
0,0,88,66,58,-877,-234,187
0,0,87,66,58,-892,-240,180
0,0,87,66,58,-902,-259,172
0,0,87,66,58,-851,-239,217
0,0,87,66,58,-860,-178,171
0,0,87,66,59,-882,-197,177
0,0,87,66,58,-856,-201,170
0,0,87,66,59,-860,-188,158
0,0,87,66,59,-870,-204,165
0,0,87,66,59,-846,-237,195
0,0,87,66,59,-828,-214,196
0,0,88,66,59,-781,-152,181
0,0,87,66,59,-789,-167,193
0,0,87,66,59,-811,-190,228
0,0,88,67,59,-844,-186,204
0,0,88,67,59,-887,-224,193
0,0,88,67,59,-891,-218,172
0,0,88,67,60,-859,-183,171
0,0,88,67,60,-872,-169,168
0,0,88,67,60,-816,-227,230
0,0,87,67,60,-785,-234,257
0,0,87,67,60,-832,-215,218
0,0,87,67,60,-868,-207,197
0,0,87,67,61,-850,-180,209
0,0,87,67,61,-809,-167,245
0,0,87,67,61,-826,-184,247
0,0,87,67,61,-831,-200,234
0,0,87,67,61,-771,-133,241
0,0,87,67,60,-790,-120,251
0,0,87,67,61,-812,-147,241
0,0,87,67,60,-834,-152,220
0,0,87,67,60,-865,-215,211
0,0,87,67,60,-829,-252,233
0,0,87,67,60,-789,-193,219
0,0,87,67,60,-772,-208,223
0,0,87,67,59,-787,-321,281
0,0,87,67,59,-792,-300,284
0,0,87,67,59,-779,-196,229
0,0,87,67,59,-801,-169,214
0,0,87,67,59,-832,-198,210
0,0,87,67,59,-823,-208,222
0,0,87,67,59,-836,-189,207
0,0,88,67,59,-872,-228,192
0,0,88,67,58,-887,-229,224
0,0,88,67,58,-828,-119,171
0,0,88,67,58,-847,-120,168
0,0,89,67,58,-894,-199,158
0,0,89,67,57,-882,-212,170
0,0,89,66,56,-821,-168,96
0,0,89,66,55,-834,-217,104
0,0,90,66,53,-801,-322,243
0,0,90,64,51,-810,-394,362
0,0,90,64,49,-797,-234,38
4,2,90,63,48,-793,-278,142
6,6,90,62,47,-819,-296,120
6,15,90,63,46,-834,-299,86
6,23,90,62,46,-830,-322,91
6,30,90,62,46,-818,-278,73
6,28,90,62,46,-788,-210,88
6,27,90,62,46,-802,-179,90
6,22,90,62,46,-886,-238,71
6,21,90,62,46,-883,-228,56
6,15,90,62,45,-855,-192,77
6,12,90,62,45,-832,-177,65
6,10,90,62,45,-895,-213,55
6,10,90,62,46,-880,-160,49
6,10,90,62,46,-840,-200,61
6,10,90,62,45,-857,-222,69
6,8,90,62,46,-854,-218,80
6,6,90,62,46,-812,-173,81
6,6,90,62,46,-822,-164,65
4,7,90,62,46,-902,-263,81
5,7,90,62,46,-835,-214,80
6,7,90,62,46,-843,-184,68
6,7,90,62,45,-854,-173,82
6,6,90,62,45,-867,-216,102
6,5,90,62,45,-888,-180,66
6,7,90,62,45,-871,-155,60
6,8,90,62,45,-910,-202,69
6,8,90,62,46,-880,-155,78
6,6,90,62,46,-852,-115,85
6,6,90,62,46,-902,-181,69
6,6,90,62,46,-945,-182,61
6,6,90,62,46,-902,-127,81
6,6,90,63,46,-901,-58,78
6,6,90,63,46,-929,-45,69
6,5,90,63,46,-930,-112,119
6,5,90,63,47,-914,-156,262
0,4,90,63,47,-877,-68,186
0,3,90,64,50,-917,-34,-25
0,0,89,65,52,-924,-98,27
0,0,89,66,56,-878,-86,104
0,0,89,67,58,-877,-108,151
0,0,89,67,59,-897,-157,199
0,0,88,67,59,-896,-156,126
0,0,88,67,60,-881,-165,192
0,0,88,67,60,-839,-89,141
0,0,88,67,60,-860,-126,133
0,0,88,67,61,-874,-183,173
0,0,88,67,61,-857,-161,136
0,0,88,67,61,-864,-205,162
0,0,88,68,62,-836,-191,141
0,0,88,68,63,-821,-184,170
0,0,88,68,63,-841,-206,171
0,0,87,68,63,-857,-227,141
0,0,87,68,64,-840,-202,173
0,0,88,69,64,-843,-168,134
0,0,88,69,64,-855,-235,170
0,0,88,69,64,-829,-238,206
0,0,88,69,64,-808,-192,174
0,0,87,69,64,-850,-232,185
0,0,87,69,64,-836,-234,200
0,0,87,69,65,-820,-201,168
0,0,87,69,65,-868,-242,146
0,0,87,69,65,-838,-208,140
0,0,87,69,65,-851,-188,119
0,0,88,69,65,-853,-258,135
0,0,88,69,65,-868,-306,178
0,0,88,69,64,-790,-214,146
0,0,88,69,63,-808,-141,-19
0,0,89,69,62,-840,-225,3
0,0,90,68,59,-752,-313,234
0,0,91,68,57,-797,-291,219
0,0,91,66,53,-890,-283,83
0,0,91,65,51,-835,-214,-61
0,0,91,64,49,-808,-416,358
0,0,91,64,48,-809,-295,137
3,0,92,64,47,-847,-277,70
6,0,91,64,46,-818,-211,42
6,0,91,64,46,-827,-247,48
5,0,91,63,46,-820,-279,72
4,0,91,63,46,-807,-234,39
6,0,91,63,46,-839,-253,55
6,0,91,63,46,-829,-245,43
6,0,91,63,46,-834,-241,37
6,0,91,63,45,-829,-243,46
6,0,91,63,45,-852,-263,29
6,0,91,63,45,-826,-262,53
6,0,91,63,45,-829,-213,63
6,0,91,63,45,-863,-192,36
5,0,91,63,45,-897,-225,12
1,0,91,63,45,-836,-229,60
6,0,91,63,45,-827,-186,61
4,0,91,63,45,-866,-227,47
6,0,91,63,45,-910,-255,10
6,1,91,63,45,-847,-199,25
6,2,91,63,45,-809,-182,47
2,2,91,63,45,-859,-236,33
1,1,91,63,45,-885,-252,31
6,1,91,63,45,-821,-174,28
5,2,91,63,45,-816,-167,18
2,2,91,63,45,-868,-261,16
6,1,91,63,45,-882,-323,52
6,1,91,63,45,-829,-211,28
6,2,91,63,45,-848,-189,10
0,2,91,63,45,-881,-239,18
0,1,91,63,45,-878,-223,39
6,1,91,63,45,-857,-124,30
6,2,91,63,45,-846,-80,23
1,2,91,63,45,-914,-155,28
4,1,91,63,45,-885,-127,52
6,2,91,63,45,-861,-92,42
6,3,91,63,45,-913,-147,60
5,6,91,64,46,-901,-233,184
0,4,91,64,46,-906,-167,260
0,3,91,64,48,-886,25,-79
0,0,90,65,50,-914,-82,41
0,0,90,66,54,-892,-103,109
0,0,90,68,58,-919,-103,71
0,0,89,68,60,-920,-95,69
0,0,89,69,61,-903,-120,107
0,0,89,69,63,-931,-190,123
0,0,89,69,63,-867,-220,205
0,0,88,69,64,-837,-165,138
0,0,88,69,64,-846,-169,96
0,0,88,69,64,-867,-225,135
0,0,88,69,64,-828,-207,149
0,0,88,69,64,-819,-180,139
0,0,88,69,64,-878,-233,125
0,0,88,69,64,-832,-207,146
0,0,88,68,63,-829,-180,146
0,0,88,68,63,-849,-199,115
0,0,88,68,63,-880,-230,115
0,0,88,68,63,-798,-178,114
0,0,88,68,62,-830,-194,80
0,0,88,68,62,-845,-275,111
0,0,88,68,62,-825,-284,109
0,0,88,67,61,-824,-276,114
0,0,88,67,61,-778,-267,102
0,0,88,67,60,-796,-238,78
0,0,89,67,59,-757,-228,160
0,0,89,67,58,-804,-320,122
0,0,89,67,57,-805,-347,170
0,0,89,66,56,-784,-291,174
0,0,90,66,55,-839,-202,3
0,0,90,65,53,-848,-297,162
0,0,90,65,51,-868,-265,154
0,0,90,64,49,-825,-178,126
2,0,90,63,48,-852,-235,105
6,0,90,63,48,-840,-260,132
6,0,90,63,47,-826,-169,92
6,4,90,63,47,-803,-175,100
3,4,90,63,47,-874,-228,64
6,4,90,63,47,-877,-201,33
6,4,90,63,47,-840,-174,31
6,11,90,63,47,-851,-208,40
5,16,90,63,47,-874,-282,48
6,13,90,63,47,-822,-276,61
6,12,90,63,47,-846,-201,30
6,13,90,63,47,-845,-184,-15
3,14,90,63,47,-867,-235,-8
3,10,90,63,47,-818,-256,24
6,4,90,63,47,-846,-263,15
5,2,90,63,47,-852,-162,-32
5,0,90,63,47,-836,-123,-36
2,4,90,63,47,-893,-195,-39
2,4,90,63,47,-877,-292,3
1,4,90,63,47,-828,-156,-59
6,0,90,63,47,-867,-96,-154
0,0,90,63,47,-971,-293,4
0,0,90,63,48,-971,-482,239
0,0,90,64,51,-895,-21,-492
0,0,89,66,54,-898,-122,-253
0,0,89,68,60,-827,-106,-155
0,0,89,69,64,-835,-195,15
0,0,88,68,63,-895,-253,-17
0,0,88,67,61,-888,-273,95
0,0,88,67,61,-852,-166,32
0,0,88,67,60,-885,-188,-10
0,0,88,67,60,-939,-147,-19
0,0,88,67,60,-878,-125,42
0,0,88,67,60,-773,-300,153
0,0,88,67,61,-833,-323,175
0,0,88,67,61,-787,-135,208
0,0,88,67,62,-756,-64,104
0,0,87,67,61,-851,-279,119
0,0,87,67,61,-768,-258,249
0,0,87,66,60,-734,-128,242
0,0,88,67,60,-850,-82,65
0,0,87,66,59,-943,-127,149
0,0,88,66,59,-732,-110,278
0,0,88,66,59,-815,-143,188
0,0,88,66,58,-1014,-204,134
0,0,88,66,57,-913,-148,93
0,0,89,66,56,-835,-221,279
0,0,90,66,55,-843,-235,288
0,0,90,65,53,-872,-210,200
0,0,90,64,51,-896,-179,147
0,0,90,64,50,-908,-210,156
0,0,90,63,49,-924,-208,157
5,0,90,63,48,-853,-154,135
6,0,90,63,47,-846,-154,104
6,0,90,63,47,-877,-209,112
6,0,90,63,47,-844,-177,123
6,0,90,63,47,-827,-129,89
6,1,90,63,47,-876,-158,65
6,1,90,63,47,-893,-222,104
6,1,90,62,47,-810,-139,89
6,5,90,62,47,-901,-186,60
6,6,90,63,47,-906,-177,56
6,7,90,62,47,-861,-155,78
6,2,90,63,47,-855,-209,138
6,1,90,63,47,-846,-203,125
4,0,90,62,47,-828,-120,90
4,1,90,62,47,-830,-74,20
2,7,89,62,47,-917,-160,43
5,9,89,62,46,-912,-208,69
6,14,90,62,47,-832,-94,14
3,26,90,62,46,-872,-134,-4
6,26,89,62,46,-885,-195,43
6,22,90,62,46,-852,-159,23
6,12,90,62,46,-867,-129,-21
4,14,89,62,46,-863,-146,1
4,15,89,62,46,-888,-176,-28
3,10,89,62,46,-903,-251,-13
6,6,89,62,46,-842,-202,-19
6,6,89,62,46,-851,-56,-127
6,4,89,62,47,-959,-100,-213
0,4,89,62,47,-971,-165,-143
0,0,89,63,47,-865,-225,11
0,0,89,63,48,-877,-147,-165
0,0,89,64,50,-879,-167,-140
0,0,89,64,51,-851,-183,-34
0,0,90,65,52,-839,-177,-17
0,0,90,65,53,-898,-154,-37
0,0,89,65,53,-935,-158,-80
0,0,89,65,54,-906,-154,-104
0,0,89,66,55,-831,-148,33
0,0,90,66,56,-798,-107,63
0,0,89,67,57,-900,-124,15
0,0,89,66,57,-932,-195,33
0,0,89,66,57,-793,-180,136
0,0,89,67,57,-795,-165,181
0,0,89,67,58,-920,-242,118
0,0,89,67,58,-918,-195,65
0,0,89,67,58,-774,-143,212
0,0,89,67,58,-766,-119,169
0,0,89,67,58,-950,-219,82
0,0,89,67,57,-939,-180,69
0,0,89,66,56,-828,-162,203
0,0,90,67,56,-843,-180,167
0,0,90,67,55,-864,-227,152
0,0,90,66,54,-864,-221,228
0,0,90,66,53,-816,-131,196
0,0,90,66,53,-911,-97,-79
0,0,90,65,51,-902,-254,192
0,0,91,65,50,-870,-237,240
0,0,91,64,49,-878,-193,138
0,0,91,64,48,-870,-198,108
6,0,91,63,47,-862,-190,109
6,0,90,63,47,-839,-150,109
6,0,91,63,47,-853,-178,101
6,1,91,63,47,-838,-206,99
6,1,90,63,47,-839,-182,69
6,0,90,63,47,-858,-195,73
6,0,91,63,47,-856,-184,76
6,0,91,63,47,-871,-152,38
6,0,90,63,46,-893,-159,34
6,0,90,63,46,-835,-158,77
6,0,90,63,46,-847,-174,78
6,0,90,63,46,-920,-156,27
2,0,90,63,46,-912,-142,22
6,0,90,63,46,-870,-181,50
6,0,90,63,46,-860,-177,59
6,1,90,63,46,-861,-78,-6
4,4,90,63,46,-878,-87,-36
4,8,90,63,46,-899,-169,-10
6,9,90,63,46,-903,-217,8
6,15,90,63,46,-867,-133,-35
6,20,90,63,46,-880,-123,-29
6,19,90,63,46,-819,-146,5
6,14,90,63,46,-858,-213,12
6,8,90,63,46,-875,-149,-50
6,15,90,63,46,-854,-93,-88
4,27,90,63,46,-910,-159,-112
6,28,90,63,46,-972,-265,-87
6,21,90,63,46,-866,-140,-107
6,13,90,63,46,-828,-110,-79
6,9,90,63,46,-876,-166,-66
6,8,90,63,46,-888,-166,-57
6,1,90,63,46,-867,-126,-63
6,2,90,63,46,-906,-119,-79
6,3,91,63,47,-894,-148,-28
0,2,91,63,47,-887,-165,23
0,0,91,63,47,-964,-245,191
0,0,90,64,48,-934,-149,9
0,0,90,65,51,-853,-37,-110
0,0,90,66,54,-852,9,-116
0,0,90,68,57,-965,-29,-54
0,0,90,68,59,-950,-98,43
0,0,90,68,59,-926,-99,76
0,0,90,67,58,-889,-81,89
0,0,89,67,58,-957,-112,51
0,0,89,67,58,-909,-127,92
0,0,89,67,58,-840,-109,138
0,0,90,67,58,-868,-155,126
0,0,89,67,58,-944,-182,110
0,0,89,67,58,-847,-136,135
0,0,89,67,57,-856,-169,139
0,0,89,67,57,-871,-189,146
0,0,89,67,57,-844,-123,103
0,0,89,67,57,-858,-146,96
0,0,89,67,57,-865,-171,81
0,0,89,67,57,-831,-193,107
0,0,89,67,57,-863,-153,86
0,0,89,67,57,-847,-170,96
0,0,89,67,57,-883,-248,106
0,0,90,67,57,-865,-189,76
0,0,89,67,57,-828,-131,86
0,0,90,67,58,-834,-159,42
0,0,90,67,58,-892,-303,120
0,0,90,68,58,-830,-195,88
0,0,90,68,58,-825,-137,23
0,0,90,67,57,-848,-114,-64
0,0,90,67,57,-833,-202,139
0,0,91,67,55,-870,-171,40
0,0,91,66,54,-888,-183,-2
0,0,91,65,52,-850,-241,62
0,0,91,65,50,-854,-361,313
0,0,91,64,49,-844,-192,81
5,6,91,63,47,-874,-203,23
6,9,91,63,47,-864,-181,6
6,16,91,63,46,-866,-166,-11
6,19,91,63,46,-893,-199,32
6,24,91,63,46,-851,-179,21
6,26,91,63,46,-861,-168,-3
6,28,91,63,46,-858,-167,-25
6,31,91,63,46,-889,-174,-13
6,35,91,63,45,-866,-159,-6
6,36,90,63,45,-876,-189,13
6,32,90,63,45,-880,-146,-22
6,25,90,63,45,-893,-129,-34
6,19,90,63,45,-886,-149,-6
6,17,90,63,45,-898,-153,-3
6,18,90,63,45,-891,-137,-26
6,18,90,63,45,-888,-140,-9
6,18,90,63,45,-873,-149,-2
6,17,90,63,45,-895,-138,-10
6,16,90,63,45,-864,-89,-19
6,16,90,63,45,-907,-122,-27
6,15,90,63,45,-902,-159,-4
6,15,90,63,45,-874,-114,-8
6,20,90,63,45,-853,-80,-12
6,21,90,63,45,-907,-135,-27
6,23,90,63,45,-916,-191,7
6,22,90,63,45,-882,-126,-5
6,29,90,63,45,-877,-66,-36
6,26,90,63,45,-905,-120,-17
6,20,90,63,45,-889,-113,-21
6,13,90,63,45,-921,-136,-48
6,15,90,63,45,-893,-167,-31
6,16,90,63,45,-856,-147,-3
6,14,90,63,45,-873,-90,-24
6,10,90,63,45,-889,-83,-40
6,8,90,63,45,-908,-137,-46
6,6,90,63,45,-930,-183,-20
6,8,90,63,45,-864,-97,-3
6,9,90,63,45,-877,-18,-50
5,11,90,63,45,-951,-92,-59
6,7,90,63,45,-920,-121,-1
6,12,90,63,45,-931,-35,-1
6,19,90,63,46,-878,14,3
4,20,91,63,46,-957,-78,50
0,12,91,64,46,-973,-153,169
0,2,91,64,47,-906,19,-38
0,0,90,64,49,-933,-37,64
0,0,90,65,52,-929,-17,-39
0,0,90,67,56,-958,-75,-5
0,0,90,68,59,-897,-84,78
0,0,90,69,61,-905,-77,55
0,0,89,69,61,-907,-91,62
0,0,89,68,61,-909,-156,82
0,0,89,68,61,-881,-152,80
0,0,89,68,62,-860,-137,91
0,0,89,68,62,-854,-148,96
0,0,89,68,62,-855,-187,114
0,0,89,68,62,-872,-161,71
0,0,89,68,61,-859,-136,78
0,0,89,68,61,-869,-145,67
0,0,89,68,62,-884,-184,80
0,0,89,68,62,-841,-179,101
0,0,89,69,62,-864,-156,65
0,0,89,69,62,-877,-187,96
0,0,89,69,62,-863,-179,97
0,0,89,69,62,-854,-180,105
0,0,89,69,62,-839,-169,112
0,0,89,69,62,-915,-212,84
0,0,89,69,62,-868,-184,92
0,0,89,69,62,-837,-147,71
0,0,89,69,62,-849,-214,116
0,0,89,69,62,-853,-233,108
0,0,89,69,62,-838,-167,36
0,0,90,69,61,-825,-202,75
0,0,90,69,60,-854,-218,85
0,0,91,69,59,-828,-182,-7
0,0,91,68,57,-826,-279,147
0,0,91,67,55,-856,-274,96
0,0,92,67,53,-848,-88,-231
0,0,92,65,51,-829,-502,630
0,0,92,65,49,-848,-229,65
0,0,92,64,48,-867,-225,10
6,2,91,63,46,-909,-192,-6
6,8,91,63,46,-875,-154,-5
6,14,91,63,46,-851,-184,8
6,12,91,63,46,-901,-216,-9
6,8,91,63,46,-843,-156,-8
6,10,91,63,46,-835,-116,-9
6,13,91,63,46,-870,-183,-5
6,16,91,63,46,-883,-248,13
6,14,91,63,46,-839,-139,-19
6,21,91,63,45,-876,-114,-45
6,18,91,63,45,-893,-168,-31
6,15,91,63,45,-909,-210,-7
6,11,91,63,45,-871,-147,-34
6,16,91,63,45,-888,-151,-40
6,16,91,63,45,-903,-197,-16
6,16,91,63,45,-880,-156,-19
6,14,91,63,45,-865,-118,-41
6,17,91,63,45,-863,-143,-37
6,17,91,63,45,-881,-191,-1
6,17,91,63,45,-896,-155,-32
6,24,91,63,45,-917,-128,-48
6,24,91,63,45,-858,-107,-35
6,21,91,63,45,-904,-153,-24
6,13,91,63,45,-915,-187,-36
6,16,91,63,45,-870,-162,-37
6,26,91,63,45,-845,-118,-22
6,27,91,63,45,-857,-137,-20
6,24,91,63,45,-904,-173,-47
6,17,91,63,45,-872,-174,-34
6,19,91,63,45,-858,-126,-22
6,19,91,63,45,-846,-93,-28
6,19,91,63,45,-916,-122,-46
6,14,91,63,45,-932,-115,-54
6,10,91,63,45,-926,-112,-41
6,10,91,63,45,-890,-96,-5
4,9,91,63,45,-907,-170,103
0,7,91,64,46,-949,-209,330
0,2,91,65,49,-951,44,-192
0,0,91,66,52,-860,44,-36
0,0,91,68,57,-968,38,-105
0,0,91,70,61,-928,-54,103
0,0,90,70,62,-911,-20,73
0,0,90,70,62,-915,-47,88
0,0,90,69,61,-928,-70,71
0,0,90,69,61,-927,-104,76
0,0,90,69,61,-942,-133,61
0,0,90,69,62,-862,-126,67
0,0,90,69,62,-845,-131,70
0,0,89,69,63,-872,-173,90
0,0,89,69,63,-864,-208,93
0,0,89,69,62,-867,-198,99
0,0,89,69,62,-872,-177,71
0,0,89,69,63,-865,-183,78
0,0,89,69,63,-832,-151,75
0,0,89,69,63,-839,-161,88
0,0,89,69,63,-870,-239,103
0,0,89,69,62,-841,-225,126
0,0,89,69,62,-833,-188,106
0,0,89,69,62,-841,-178,79
0,0,89,69,62,-870,-200,82
0,0,89,69,62,-870,-180,48
0,0,89,69,62,-866,-191,59
0,0,89,69,62,-848,-220,76
0,0,89,69,61,-857,-253,87
0,0,89,68,61,-842,-239,101
0,0,89,68,61,-828,-199,79
0,0,89,68,61,-830,-199,72
0,0,89,68,61,-854,-232,94
0,0,89,68,61,-859,-222,105
0,0,89,68,61,-847,-201,63
0,0,89,68,61,-839,-206,93
0,0,89,68,61,-831,-205,88
0,0,89,68,61,-852,-263,123
0,0,89,68,61,-836,-255,114
0,0,89,68,60,-842,-225,83
0,0,89,68,60,-845,-206,64
0,0,89,68,60,-836,-202,60
0,0,89,68,60,-839,-242,103
0,0,89,68,60,-854,-265,95
0,0,89,68,59,-820,-256,109
0,0,89,68,59,-813,-185,53
0,0,89,67,58,-833,-198,113
0,0,90,67,58,-876,-181,80
0,0,90,67,58,-870,-169,29
0,0,90,67,57,-844,-225,75
0,0,90,67,57,-850,-284,132
0,0,90,67,57,-858,-209,84
0,0,90,67,57,-896,-197,41
0,0,90,67,57,-823,-155,52
0,0,90,67,57,-831,-199,99
0,0,90,67,57,-915,-275,85
0,0,90,67,57,-923,-252,55
0,0,90,67,57,-860,-128,-10
0,0,90,67,57,-812,-169,53
0,0,90,67,56,-846,-307,160
0,0,90,67,56,-820,-218,72
0,0,90,67,56,-844,-186,64
0,0,90,67,56,-828,-137,43
0,0,90,67,56,-856,-141,111
0,0,90,67,56,-907,-71,62
0,0,90,67,56,-1020,-77,22
0,0,90,67,56,-1004,-24,4
0,0,90,67,57,-956,19,47
0,0,91,68,57,-935,33,63
0,0,91,68,58,-939,-88,122
0,0,90,68,58,-907,-120,82
0,0,90,68,59,-875,-58,24
0,0,90,68,59,-852,-71,19
0,0,90,69,60,-910,-195,106
0,0,90,69,60,-836,-163,61
0,0,90,68,60,-878,-202,68
0,0,90,68,60,-870,-245,128
0,0,90,68,60,-893,-257,89
0,0,90,68,60,-865,-193,65
0,0,90,68,60,-851,-169,54
0,0,90,68,60,-864,-201,60
0,0,90,68,59,-877,-211,45
0,0,90,68,59,-874,-180,31
0,0,90,68,59,-842,-186,48
0,0,90,68,59,-881,-255,53
0,0,90,68,59,-822,-200,47
0,0,90,68,59,-799,-206,71
0,0,90,67,58,-844,-262,77
0,0,90,67,58,-805,-218,69
0,0,90,67,57,-817,-161,-20
0,0,90,67,56,-852,-246,53
0,0,90,66,55,-841,-229,56
0,0,91,66,53,-846,-174,-71
0,0,91,65,51,-887,-453,426
1,2,90,64,49,-810,-255,67
6,5,90,63,48,-811,-240,19
6,11,90,63,47,-864,-220,-32
6,18,90,63,46,-892,-201,-35
5,39,90,62,46,-875,-210,-27
6,44,90,62,46,-859,-225,-52
6,47,90,62,46,-840,-217,-19
6,38,90,62,45,-854,-200,-10
6,42,90,62,45,-871,-201,-47
6,54,90,62,45,-819,-78,-113
6,65,89,62,45,-806,-214,32
6,79,89,62,45,-904,-284,26
6,84,89,62,44,-908,-230,-48
6,90,89,62,44,-833,-57,-57
6,91,89,62,44,-832,-124,-6
6,96,89,62,44,-864,-223,15
6,98,89,62,44,-876,-235,-64
6,100,89,62,44,-847,-170,-44
6,100,89,62,44,-837,-216,3
6,100,89,62,44,-881,-329,10
6,98,89,62,44,-865,-219,-63
6,99,89,62,44,-823,-155,-26
6,99,89,62,43,-817,-186,18
6,100,89,62,43,-833,-256,7
6,100,89,62,43,-916,-171,-87
6,93,89,62,43,-826,-166,-33
6,86,89,62,43,-845,-212,7
6,79,89,62,43,-882,-284,-20
6,82,89,62,43,-860,-181,-82
6,83,89,62,43,-844,-184,-8
6,88,89,62,43,-829,-141,6
6,83,89,62,43,-934,-191,-36
6,85,89,62,43,-910,-161,-52
6,92,89,62,43,-845,-127,-4
6,99,89,62,43,-859,-140,0
6,93,89,62,43,-971,-96,-54
6,85,89,62,43,-994,56,-130
6,74,89,62,44,-907,-125,29
6,64,89,63,44,-913,-150,63
6,41,89,63,46,-925,-210,369
1,23,90,64,48,-921,201,-219
0,7,90,65,52,-941,-113,46
0,2,91,68,58,-988,92,-281
0,0,91,71,64,-914,-1,0
0,0,90,72,68,-922,-2,-21
0,0,90,72,68,-913,-163,117
0,0,90,71,67,-899,-114,-5
0,0,90,71,66,-857,-157,82
0,0,89,71,65,-861,-136,71
0,0,90,71,65,-928,-148,32
0,0,89,71,65,-912,-201,102
0,0,89,71,65,-889,-131,93
0,0,89,71,66,-888,-95,-4
0,0,89,71,66,-874,-124,-8
0,0,89,71,67,-852,-149,82
0,0,90,71,67,-846,-135,76
0,0,89,71,66,-877,-185,65
0,0,89,70,66,-880,-210,63
0,0,89,70,65,-833,-140,60
0,0,89,70,64,-838,-151,6
0,0,89,70,63,-887,-240,21
0,0,90,69,62,-818,-230,40
0,0,90,69,61,-786,-266,108
0,0,90,68,60,-809,-267,62
0,0,90,68,58,-843,-293,68
0,0,90,67,57,-794,-228,48
0,0,90,67,57,-842,-279,24
0,0,90,67,56,-800,-305,15
0,0,90,67,56,-767,-263,24
0,0,90,66,55,-788,-212,-92
0,0,90,66,53,-854,-306,28
0,0,90,65,51,-812,-352,223
0,0,90,64,50,-849,-219,-42
0,0,90,63,48,-819,-229,-34
0,0,90,63,47,-811,-280,24
5,0,90,63,47,-840,-302,51
6,0,90,63,47,-848,-268,-10
6,0,90,63,47,-830,-242,-4
6,0,90,63,47,-828,-231,-18
3,0,90,63,47,-814,-229,-7
3,0,90,63,47,-813,-219,-7
6,0,90,63,47,-859,-279,13
1,0,90,63,47,-869,-265,-5
0,0,90,63,47,-854,-220,-29
0,0,90,63,47,-835,-235,12
0,0,90,63,47,-838,-215,2
0,0,90,63,47,-885,-232,-17
0,0,90,63,47,-863,-203,-4
0,0,90,63,47,-831,-182,24
0,0,90,63,47,-878,-184,-9
0,0,90,63,47,-934,-206,-41
0,0,90,63,47,-826,-187,18
0,0,90,63,47,-820,-173,8
0,0,90,63,47,-883,-225,-20
0,0,90,63,47,-892,-258,-33
0,0,90,63,47,-816,-208,-3
0,0,90,63,47,-792,-203,26
0,0,90,63,47,-852,-215,3
0,0,90,63,47,-901,-212,-25
0,0,90,63,47,-826,-167,0
0,0,90,63,47,-817,-161,17
0,0,90,63,47,-911,-188,-13
0,0,90,63,47,-930,-207,-32
0,0,90,63,47,-867,-168,-1
0,0,90,63,47,-844,-139,7
0,0,90,63,47,-887,-207,4
0,0,90,63,47,-917,-202,-2
0,0,90,63,47,-848,-128,8
0,0,90,63,47,-839,-90,4
0,0,90,63,47,-902,-139,-17
0,0,90,63,47,-925,-148,-13
0,0,90,63,47,-877,-101,30
0,0,90,63,47,-885,-39,30
1,0,90,63,47,-920,-50,12
1,0,90,63,47,-974,-79,16
0,0,90,63,47,-996,-188,166
0,0,90,63,48,-943,-31,62
0,0,90,64,50,-910,-17,-50
0,0,90,65,51,-936,-29,-7
0,0,90,66,54,-901,-30,47
0,0,90,67,55,-910,-67,45
0,0,90,67,56,-919,-111,5
0,0,89,66,56,-875,-147,76
0,0,89,67,56,-883,-163,36
0,0,90,67,57,-899,-180,52
0,0,89,67,57,-852,-143,37
0,0,89,67,57,-859,-180,74
0,0,89,67,57,-853,-178,35
0,0,89,67,57,-857,-178,67
0,0,89,67,57,-846,-138,-8
0,0,89,67,57,-928,-253,25
0,0,90,67,57,-844,-219,97
0,0,90,67,56,-826,-188,80
0,0,90,66,56,-841,-200,52
0,0,90,66,56,-861,-234,58
0,0,90,66,55,-826,-145,-3
0,0,90,66,55,-859,-184,-34
0,0,90,66,54,-939,-360,104
0,0,91,66,54,-758,-177,40
0,0,90,66,53,-845,-218,-1
0,0,91,66,52,-853,-173,-171
0,0,91,66,52,-825,-351,95
0,0,92,66,51,-804,-309,75
0,0,92,65,49,-812,-251,-31
0,0,92,65,48,-841,-179,-244
0,0,92,65,47,-853,-555,357
1,2,92,64,46,-850,-326,25
6,7,92,64,45,-842,-226,-49
6,14,91,64,44,-844,-205,-93
6,18,91,64,44,-829,-244,-76
6,14,91,64,44,-836,-264,-22
6,7,91,64,44,-867,-213,-64
6,1,91,64,44,-869,-190,-74
5,0,91,64,44,-836,-173,-70
4,0,91,64,44,-809,-193,-54
5,0,91,64,44,-846,-225,-60
6,0,91,64,44,-887,-208,-92
6,0,91,64,44,-852,-203,-60
2,0,91,64,44,-835,-188,-55
0,0,91,64,44,-910,-193,-88
0,0,91,64,44,-893,-177,-96
5,1,91,64,44,-849,-173,-45
4,1,91,64,44,-874,-138,-50
1,1,91,64,44,-916,-165,-77
1,0,91,64,44,-877,-181,-74
0,0,91,64,44,-860,-190,-33
0,0,91,64,44,-868,-106,-60
1,0,91,64,44,-895,-92,-103
6,1,91,64,44,-885,-132,-59
6,7,91,64,44,-869,-164,-20
6,13,91,64,44,-869,-114,-39
6,17,91,64,44,-926,-137,-77
2,14,91,64,44,-924,-174,-102
6,11,91,64,44,-838,-126,-51
6,6,91,64,44,-837,-115,-47
6,4,91,64,43,-874,-167,-69
6,2,91,64,44,-892,-209,-65
6,2,91,64,44,-845,-150,-51
6,2,91,64,44,-852,-126,-57
4,3,91,64,43,-894,-164,-60
1,5,91,64,44,-911,-165,-61
0,4,91,64,44,-888,-138,-56
2,2,91,64,44,-860,-83,-62
5,1,91,64,44,-857,-147,-39
1,3,91,64,44,-892,-160,-54
0,3,91,64,44,-869,-122,-61
5,4,91,64,44,-875,-138,-45
2,4,91,64,44,-886,-178,-52
0,4,91,64,44,-917,-165,-52
0,2,91,64,44,-895,-90,-54
1,0,91,64,44,-886,-94,-48
0,0,91,64,44,-906,-134,-31
0,0,91,64,44,-952,-108,-9
0,0,91,64,45,-930,22,2
0,0,91,64,45,-930,-10,68
0,0,91,65,46,-1063,-202,226
0,0,91,65,49,-973,0,-25
0,0,90,66,52,-923,125,-86
0,0,89,67,55,-964,124,-44
0,0,90,69,58,-941,68,41
0,0,90,69,60,-910,-20,115
0,0,89,68,60,-923,-41,68
0,0,88,68,60,-882,-56,16
0,0,88,68,61,-892,-105,17
0,0,88,69,62,-838,-143,83
0,0,89,69,63,-865,-141,-72
0,0,89,69,62,-789,-232,101
0,0,89,69,61,-807,-262,30
0,0,89,68,60,-857,-381,161
0,0,89,68,59,-803,-236,13
0,0,89,68,58,-884,-297,23
0,0,89,67,58,-881,-296,-43
0,0,89,68,59,-792,-190,-59
0,0,89,68,59,-807,-254,-1
0,0,90,68,58,-820,-375,130
0,0,90,67,56,-809,-282,-39
0,0,89,66,55,-796,-294,5
0,0,89,66,54,-834,-231,-130
0,0,90,66,53,-840,-238,-171
0,0,90,66,52,-795,-354,-6
0,0,91,66,51,-757,-342,-13
0,0,91,65,49,-771,-353,2
1,0,91,64,47,-889,-250,-153
6,3,91,63,46,-809,-234,-96
6,14,91,63,45,-803,-258,-76
6,25,90,63,44,-807,-277,-88
6,34,90,63,44,-872,-285,-114
6,34,90,63,44,-817,-193,-102
6,31,90,63,44,-838,-130,-134
6,28,90,63,44,-872,-181,-106
6,26,90,63,44,-879,-176,-125
6,25,90,63,44,-867,-180,-130
6,25,90,63,43,-842,-180,-142
6,36,90,63,43,-886,-181,-132
6,52,90,63,43,-871,-158,-112
6,66,90,63,43,-886,-169,-128
6,65,90,63,43,-886,-154,-117
6,65,90,63,43,-859,-129,-102
6,65,90,63,43,-877,-119,-119
6,62,90,63,43,-907,-145,-143
6,56,90,63,43,-854,-148,-107
6,47,90,63,43,-837,-140,-89
6,44,90,63,43,-887,-150,-116
6,41,90,63,43,-885,-89,-129
6,44,90,63,43,-859,-116,-84
6,45,90,63,43,-899,-128,-102
6,43,90,63,43,-923,-187,-119
6,42,90,63,43,-876,-109,-150
6,55,90,63,42,-881,-94,-115
6,71,90,63,42,-838,-146,-71
6,87,89,63,42,-898,-238,-93
6,86,89,63,42,-875,-204,-108
6,83,89,63,42,-831,-147,-97
6,82,89,63,42,-815,-154,-73
6,88,89,62,42,-897,-210,-106
6,92,89,62,42,-882,-189,-100
6,96,89,62,42,-842,-96,-92
6,97,89,63,42,-903,-172,-80
6,98,89,63,42,-906,-196,-74
6,99,89,62,42,-841,-127,-86
6,100,89,62,42,-857,-110,-67
6,100,89,63,42,-880,-173,-43
6,100,89,63,42,-934,-192,-70
6,100,89,63,42,-839,-42,-90
6,98,89,63,42,-914,-84,-76
6,100,89,63,42,-956,-195,-79
6,100,89,63,42,-934,-240,-65
6,100,89,63,42,-790,-43,-77
6,100,89,63,42,-871,-87,-50
6,100,89,63,42,-901,-146,-57
6,100,89,63,42,-904,-170,-62
6,100,89,63,42,-859,-83,-73
6,100,89,63,42,-897,-73,-67
6,100,88,62,42,-915,-163,-43
6,100,88,63,42,-915,-165,-49
6,100,89,63,42,-843,-66,-69
6,100,89,63,42,-897,-113,-55
6,100,89,63,42,-878,-73,-68
6,100,89,63,42,-921,20,-79
6,99,89,63,43,-948,-154,-8
6,95,89,63,43,-1122,-147,-74
6,88,90,63,43,-867,-308,266
1,60,91,64,45,-831,161,-314
0,29,92,66,49,-877,22,-120
0,0,92,68,53,-942,-18,-99
0,0,93,71,59,-872,-163,95
0,0,91,70,60,-799,-178,111
0,0,90,69,61,-894,-123,61
0,0,88,69,61,-867,-117,-10
0,0,88,69,63,-846,-111,-36
0,0,88,70,64,-824,-143,-33
0,0,88,70,65,-856,-184,-33
0,0,88,70,65,-818,-218,25
0,0,88,69,63,-877,-263,86
0,0,88,68,62,-829,-250,32
0,0,87,68,61,-888,-336,38
0,0,87,67,61,-856,-267,20
0,0,87,67,61,-839,-234,-12
0,0,87,67,61,-815,-221,-5
0,0,87,67,61,-866,-255,-18
0,0,87,67,60,-815,-241,-32
0,0,87,66,59,-830,-266,-45
0,0,87,66,58,-807,-282,-52
0,0,88,65,56,-738,-341,130
0,0,88,65,55,-809,-310,5
0,0,88,64,54,-820,-344,-20
0,0,88,64,53,-793,-240,-174
0,0,88,63,52,-762,-344,45
0,0,88,63,51,-778,-387,32
0,0,88,62,49,-797,-320,-82
2,1,88,62,48,-765,-285,-169
6,2,88,62,47,-794,-311,-33
6,7,88,61,46,-804,-294,-42
6,15,88,61,46,-840,-295,-72
5,40,88,61,45,-846,-298,-74
6,42,88,61,45,-838,-279,-76
6,37,87,61,45,-848,-239,-88
6,16,87,61,45,-854,-206,-104
6,17,88,61,45,-825,-216,-85
6,23,88,61,45,-805,-235,-53
6,25,88,61,45,-841,-229,-69
6,24,88,61,45,-892,-236,-107
6,24,87,61,45,-849,-202,-91
6,23,87,61,45,-833,-220,-58
6,23,87,61,45,-878,-228,-78
6,19,87,61,45,-886,-212,-93
6,19,88,61,46,-839,-168,-110
6,18,88,61,46,-813,-213,-78
5,23,87,61,45,-842,-288,-58
6,22,87,61,45,-867,-232,-84
6,29,87,61,45,-858,-162,-98
5,28,87,61,45,-859,-163,-90
4,34,87,61,46,-884,-217,-71
6,25,87,61,46,-893,-203,-79
6,23,87,61,46,-868,-164,-96
6,13,87,61,46,-839,-179,-92
6,13,87,61,46,-835,-210,-77
6,7,87,61,46,-852,-208,-87
6,14,87,61,46,-859,-228,-89
6,18,87,61,46,-864,-204,-92
6,21,88,61,46,-817,-166,-85
6,17,87,61,46,-851,-194,-77
6,16,88,61,46,-865,-212,-81
6,17,88,61,46,-874,-206,-88
6,17,88,61,46,-838,-170,-83
6,16,87,61,46,-859,-196,-81
6,16,87,61,46,-873,-192,-77
6,15,87,61,46,-867,-155,-75
6,15,88,61,46,-869,-144,-81
5,15,87,61,46,-872,-166,-81
5,16,87,61,46,-885,-192,-59
6,14,87,61,46,-884,-126,-90
6,13,87,61,46,-898,-160,-82
6,10,88,61,46,-872,-146,-60
6,13,88,61,46,-862,-105,-41
6,18,88,61,46,-862,-52,-61
6,20,87,61,46,-956,-133,-70
6,20,87,61,46,-910,-102,-58
6,21,87,61,46,-1018,-148,30
5,28,87,61,46,-911,-499,601
0,22,87,62,49,-754,70,-215
0,13,87,65,54,-959,18,-272
0,0,87,66,59,-860,-32,-116
0,0,88,69,66,-896,-114,48
0,0,87,69,66,-915,-183,134
0,0,86,68,64,-900,-148,92
0,0,86,67,63,-896,-91,6
0,0,86,67,63,-901,-94,-19
0,0,87,68,63,-904,-160,29
0,0,87,67,62,-893,-206,45
0,0,87,67,62,-852,-183,25
0,0,87,67,61,-861,-219,39
0,0,87,67,60,-889,-227,-12
0,0,87,67,60,-821,-211,-33
0,0,88,67,60,-868,-248,-84
0,0,88,67,60,-922,-276,-130
0,0,88,67,59,-872,-310,-15
0,0,88,67,59,-758,-242,5
0,0,89,67,59,-731,-285,29
0,0,88,67,58,-853,-318,-32
0,0,88,66,58,-787,-252,-107
0,0,89,66,57,-724,-292,119
0,0,89,66,56,-790,-268,29
0,0,90,66,54,-910,-264,-172
0,0,90,65,52,-814,-344,70
0,0,90,65,50,-791,-577,419
0,0,90,64,48,-809,-334,66
6,3,90,63,47,-825,-254,-21
6,8,90,63,46,-834,-190,-52
6,18,90,63,45,-812,-210,-4
6,26,90,63,45,-880,-259,-12
6,31,90,63,45,-846,-299,-5
6,34,90,63,45,-852,-294,-18
6,34,90,63,45,-792,-190,-43
6,33,90,63,45,-780,-169,-58
6,29,90,63,45,-862,-230,-64
6,30,90,63,45,-863,-185,-67
6,33,90,63,45,-825,-140,-84
6,33,90,63,45,-902,-204,-94
6,29,90,63,45,-903,-287,-64
6,21,90,63,45,-875,-203,-109
6,17,90,63,45,-893,-138,-153
6,14,90,63,45,-835,-240,-103
3,13,90,62,45,-777,-309,-69
0,9,90,62,45,-828,-255,-121
6,6,90,62,45,-803,-187,-163
6,6,90,62,44,-786,-190,-152
0,6,90,63,45,-878,-201,-166
0,3,90,63,45,-878,-80,-248
5,2,90,62,45,-862,-136,-208
4,4,90,62,45,-861,-155,-176
2,6,89,63,45,-861,-252,-158
6,6,89,62,45,-881,-324,-161
6,9,90,62,45,-822,-92,-162
6,13,90,63,45,-755,14,-150
5,23,90,63,45,-854,-61,-186
4,18,90,63,46,-936,-130,-235
4,22,90,63,46,-949,-178,-126
6,26,89,63,45,-847,-105,-131
6,44,89,62,45,-873,-28,-156
6,52,89,63,45,-907,-158,-74
6,52,90,63,45,-880,-89,-80
6,55,90,63,45,-897,-146,-120
6,56,90,63,45,-930,-188,-129
6,62,90,63,45,-911,-148,-111
6,66,90,63,45,-816,-109,-73
6,62,90,63,45,-831,-154,-67
6,47,90,63,45,-935,-145,-56
6,29,90,63,46,-862,-70,-15
6,18,90,63,46,-864,-109,-33
4,14,90,63,46,-950,-117,-65
5,14,90,63,46,-920,-27,-29
6,13,90,63,46,-879,-35,-44
4,12,90,63,46,-960,-211,-40
0,6,90,63,46,-889,-145,2
5,8,90,63,46,-810,-77,1
4,9,90,63,46,-955,-193,-44
0,9,90,63,46,-920,-262,-1
0,4,90,63,46,-790,-195,42
6,2,90,63,46,-809,-178,12
0,2,90,63,46,-895,-276,-13
6,5,90,63,46,-841,-252,-9
6,9,90,63,46,-842,-223,-41
6,15,90,63,46,-867,-248,-45
6,18,90,63,46,-849,-250,-40
6,19,90,63,46,-815,-240,-34
6,22,90,63,46,-799,-219,-51
6,23,90,63,46,-854,-255,-58
6,22,90,63,46,-902,-262,-81
6,23,90,63,46,-831,-248,-55
6,27,90,63,46,-777,-167,-90
6,33,90,63,46,-858,-249,-83
6,36,90,63,45,-873,-232,-99
6,34,90,62,45,-799,-228,-94
4,26,90,63,45,-775,-252,-84
1,16,90,62,45,-848,-282,-75
6,7,90,62,45,-836,-190,-160
5,19,90,62,45,-864,-216,-176
2,18,90,62,45,-847,-231,-147
0,17,90,62,45,-825,-254,-155
6,3,90,62,45,-868,-233,-190
6,4,90,62,45,-771,-142,-202
4,9,90,62,45,-826,-144,-226
1,10,90,62,45,-921,-218,-250
1,11,90,62,45,-868,-138,-240
6,14,90,62,44,-835,-83,-200
6,19,90,63,45,-885,-136,-197
6,23,90,63,45,-913,-201,-180
6,21,90,62,45,-834,-178,-133
6,16,90,62,45,-821,-88,-153
5,13,90,63,45,-918,-98,-200
6,13,90,62,45,-889,-89,-174
6,12,90,62,45,-874,-97,-144
6,9,89,63,45,-922,-131,-175
6,7,90,63,45,-948,-118,-190
6,11,90,63,45,-871,-20,-148
6,17,90,63,45,-810,-25,-105
6,24,90,63,45,-870,-126,-122
6,30,90,63,45,-936,-123,-153
6,46,90,63,45,-858,-45,-101
6,60,90,63,45,-849,-37,-110
6,63,90,63,45,-930,-123,-142
6,63,90,63,45,-915,-113,-88
6,62,90,63,45,-841,-19,-57
6,62,90,63,45,-891,-33,-82
6,56,90,63,45,-980,-85,-110
6,55,90,63,45,-926,-80,-58
6,63,90,63,45,-853,-22,-42
6,67,90,63,45,-868,-9,-85
6,63,90,63,45,-959,-67,-98
6,61,90,63,45,-932,-64,-72
6,61,90,63,45,-929,-84,-91
6,64,90,63,45,-951,-136,-105
6,64,90,63,45,-964,-136,-104
6,63,90,63,45,-877,-95,-73
6,63,90,63,45,-840,-109,-65
6,62,90,63,45,-869,-148,-71
6,63,90,63,45,-901,-169,-70
6,63,90,63,45,-845,-78,-76
6,64,89,63,45,-864,-138,-70
6,65,89,63,45,-912,-259,-62
6,66,89,63,45,-871,-251,-46
6,66,90,63,45,-834,-199,-57
6,65,90,63,45,-868,-235,-73
6,61,90,63,45,-894,-219,-89
6,58,90,63,45,-850,-221,-89
6,56,90,63,45,-850,-238,-88
6,52,90,63,45,-851,-258,-90
6,47,90,63,45,-853,-236,-110
6,49,90,63,45,-841,-238,-117
6,50,90,63,45,-872,-253,-127
6,50,90,63,45,-812,-190,-143
6,41,90,63,44,-825,-222,-168
6,37,90,62,44,-813,-333,-115
6,32,90,62,44,-859,-227,-194
6,30,90,63,44,-873,-142,-262
6,28,90,63,44,-843,-177,-207
5,33,90,62,44,-808,-302,-146
5,37,90,62,44,-839,-273,-178
6,38,90,62,44,-791,-77,-280
5,62,90,62,44,-855,-72,-265
6,55,90,62,44,-877,-306,-161
6,55,90,62,44,-862,-175,-228
6,35,90,62,44,-811,-22,-278
5,66,90,62,43,-852,-93,-233
5,74,90,62,44,-929,-196,-234
6,68,90,62,44,-923,-212,-216
6,55,90,62,43,-809,-63,-204
6,61,89,62,43,-863,-75,-192
6,63,89,62,43,-854,-144,-165
6,50,89,62,44,-890,-147,-160
6,43,89,62,44,-857,-37,-192
6,52,89,62,43,-873,-12,-201
6,62,89,62,44,-835,-40,-139
6,66,89,62,44,-847,-53,-126
6,67,89,62,44,-956,-117,-181
6,75,89,62,44,-961,-128,-195
6,84,89,62,44,-926,-86,-142
6,93,89,63,44,-898,-25,-132
6,96,89,63,44,-922,-48,-148
6,100,89,63,44,-918,-31,-155
6,100,89,63,44,-873,-66,-107
6,100,89,63,44,-884,-97,-104
6,100,89,63,44,-924,-50,-134
6,100,89,63,44,-899,-41,-113
6,100,89,63,44,-873,-38,-81
6,100,89,63,44,-970,-154,-88
6,100,89,63,44,-973,-146,-98
6,100,89,63,44,-863,-14,-88
6,100,89,63,44,-862,-87,-56
6,100,89,63,44,-958,-134,-104
6,100,89,63,44,-875,-63,-133
6,97,89,63,44,-868,-87,-102
6,93,89,63,44,-877,-174,-84
6,90,89,63,44,-922,-204,-124
6,90,89,63,44,-794,-113,-161
6,94,89,63,43,-915,-184,-161
6,96,89,63,43,-851,-210,-131
6,100,89,63,43,-882,-205,-170
6,100,90,63,43,-797,-130,-181
6,100,89,63,43,-840,-272,-131
6,99,90,63,43,-888,-386,-122
6,100,90,63,43,-831,-352,-156
6,100,90,63,43,-736,-312,-103
6,100,90,63,43,-728,-270,-92
6,100,90,63,43,-844,-315,-152
6,100,90,63,43,-799,-174,-196
6,100,90,63,43,-821,-198,-188
6,100,90,63,43,-776,-364,-109
6,100,90,63,43,-877,-404,-164
6,100,90,63,43,-848,-245,-223
6,100,91,63,43,-804,-203,-211
6,100,90,63,43,-836,-280,-214
6,92,90,63,43,-741,-295,-208
6,82,90,63,43,-788,-300,-227
6,78,91,63,43,-823,-207,-307
6,82,91,63,43,-776,-157,-333
6,81,90,63,43,-782,-201,-297
6,76,90,63,43,-766,-277,-241
6,73,90,63,43,-824,-244,-283
6,77,90,63,42,-807,-161,-292
6,79,90,63,42,-817,-125,-293
6,78,90,63,42,-854,-199,-268
6,75,90,63,42,-879,-182,-270
6,78,90,63,42,-851,-158,-237
6,81,90,63,42,-853,-90,-225
6,83,90,63,42,-874,-57,-231
6,80,90,63,43,-918,-79,-239
6,78,89,63,43,-883,-41,-221
6,84,89,63,43,-847,-41,-174
6,92,89,63,43,-914,-135,-195
6,99,89,63,43,-893,-83,-213
6,100,89,63,43,-830,-17,-149
6,100,89,63,43,-846,-33,-152
6,100,89,63,43,-916,-105,-184
6,100,89,63,43,-937,-96,-195
6,100,89,63,43,-889,-45,-147
6,100,89,63,43,-872,-46,-135
6,100,89,63,43,-924,-132,-154
6,100,89,63,43,-867,-98,-109
6,100,89,63,43,-879,-66,-115
6,100,89,63,43,-910,-110,-139
6,100,89,63,43,-929,-136,-132
6,100,89,63,43,-862,-73,-114
6,100,89,63,43,-896,-116,-123
6,100,89,63,43,-889,-138,-114
6,100,89,63,43,-910,-86,-144
6,100,89,63,43,-888,-98,-150
6,100,89,63,43,-883,-178,-152
6,100,89,63,43,-900,-178,-161
6,100,89,63,43,-854,-135,-163
6,100,89,63,43,-841,-145,-165
6,100,89,63,43,-825,-165,-150
6,100,89,63,43,-817,-177,-150
6,100,89,63,43,-857,-230,-174
6,100,89,63,43,-852,-249,-159
6,99,89,63,43,-848,-254,-150
6,100,90,63,43,-854,-271,-149
6,100,90,63,43,-867,-238,-175
6,100,90,63,43,-847,-239,-164
6,100,90,63,43,-853,-238,-167
6,100,90,63,43,-835,-215,-164
6,100,90,63,43,-828,-216,-167
6,100,90,63,43,-864,-250,-187
6,100,90,63,43,-853,-217,-215
6,100,90,63,43,-857,-199,-211
6,100,90,63,43,-866,-217,-208
6,100,90,63,43,-838,-318,-164
6,100,90,63,43,-817,-249,-175
6,100,90,63,43,-860,-211,-206
6,100,90,63,43,-834,-183,-213
6,100,90,63,43,-842,-173,-231
6,100,90,63,43,-782,-234,-189
6,100,90,63,43,-798,-303,-179
6,100,90,63,43,-795,-224,-220
6,100,90,63,43,-778,-113,-256
6,100,90,63,43,-813,-182,-250
6,100,90,63,43,-748,-372,-167
6,93,90,63,43,-839,-259,-257
6,93,90,63,43,-754,-135,-241
6,93,90,62,42,-821,-171,-258
6,94,90,63,42,-852,-230,-272
6,86,90,63,42,-859,-163,-277
6,80,90,63,42,-830,-130,-250
6,81,90,63,42,-890,-132,-283
6,84,90,63,43,-865,-121,-267
6,84,90,63,43,-818,-123,-218
6,83,90,63,43,-847,-124,-204
6,81,90,63,43,-908,-110,-239
6,82,89,63,43,-911,-42,-247
6,85,89,63,43,-819,-14,-177
6,88,89,63,43,-845,-6,-195
6,86,89,63,43,-970,1,-286
6,88,89,63,43,-955,50,-277
6,92,89,63,43,-862,0,-199
6,99,89,63,43,-845,-53,-164
6,100,89,63,43,-906,-109,-198
6,100,89,63,43,-973,-85,-230
6,100,89,63,43,-892,-119,-173
6,100,89,63,43,-868,-126,-129
6,100,89,63,43,-849,-92,-126
6,100,89,63,43,-904,-39,-184
6,100,89,63,43,-914,-94,-124
6,100,89,63,43,-906,-63,-120
6,100,89,63,43,-917,-91,-129
6,100,89,63,43,-932,-45,-155
6,100,89,63,43,-935,-55,-145
6,100,89,63,43,-900,-53,-139
6,100,89,63,43,-949,-43,-178
6,100,89,63,43,-912,-63,-161
6,100,89,63,43,-872,-67,-139
6,100,89,63,43,-853,-23,-136
6,100,89,63,43,-887,-71,-145
6,100,89,63,43,-937,-133,-161
6,99,89,63,43,-877,-117,-138
6,98,89,63,43,-869,-127,-120
6,98,89,63,43,-879,-176,-122
6,98,89,63,43,-882,-212,-150
6,99,89,63,43,-856,-228,-152
6,100,89,63,43,-831,-222,-149
6,100,89,63,43,-831,-216,-168
6,100,89,63,43,-872,-203,-216
6,100,89,63,43,-866,-189,-200
6,100,89,63,43,-816,-149,-177
6,100,90,63,43,-803,-209,-165
6,100,89,63,43,-974,-143,-218
6,100,90,63,44,-765,-159,-141
6,100,90,63,44,-771,-216,-97
4,96,90,63,45,-726,-408,248
0,62,90,63,46,-793,-178,-76
0,27,90,64,48,-872,-245,-81
0,0,90,65,52,-878,-297,-87
0,0,91,69,59,-860,-62,-376
0,0,91,71,64,-890,-148,-105
0,0,91,73,67,-1025,-193,71
0,0,92,74,69,-968,-9,-17
0,0,90,72,68,-961,15,-85
0,0,91,73,69,-957,77,-190
0,0,91,74,71,-879,2,-49
0,0,91,74,70,-869,-93,-14
0,0,92,73,68,-940,-141,-108
0,0,91,72,65,-848,-187,26
0,0,92,72,64,-776,44,-288
0,0,93,72,62,-900,-84,-188
0,0,93,71,58,-875,-174,-136
0,0,93,69,54,-798,-306,-20
0,0,92,66,50,-787,-419,-118
6,3,92,65,46,-899,-322,-203
6,23,91,64,44,-750,-159,-291
6,48,91,63,43,-740,-203,-235
5,85,91,64,43,-850,-265,-239
5,100,91,63,43,-865,-220,-298
6,100,90,63,42,-805,-174,-242
6,100,90,63,42,-829,-154,-261
6,85,90,63,42,-883,-183,-302
6,83,90,63,42,-863,-198,-223
6,84,90,63,42,-811,-169,-201
6,86,90,63,42,-895,-216,-235
6,87,90,63,42,-861,-35,-279
6,83,90,63,42,-860,-59,-227
6,78,90,63,42,-886,-185,-189
6,73,90,63,42,-944,-163,-247
6,75,90,63,42,-927,-8,-285
6,76,90,63,42,-869,-15,-227
6,78,90,63,42,-928,-91,-225
6,77,90,63,42,-862,-136,-197
6,80,90,63,42,-921,-126,-226
6,86,90,63,42,-836,-79,-202
6,92,90,63,42,-873,-118,-190
6,96,90,63,42,-865,-136,-188
6,96,90,63,42,-875,-41,-203
6,97,90,63,42,-902,-33,-203
6,100,90,63,42,-901,-153,-168
6,100,90,63,42,-872,-91,-191
6,100,89,63,42,-860,-38,-193
6,100,89,63,42,-910,-83,-171
6,100,89,63,42,-985,-32,-199
6,100,90,63,42,-924,-138,-142
6,100,90,63,42,-989,-228,-108
6,91,90,64,43,-951,409,-281
6,89,90,63,43,-908,19,-36
6,91,90,63,43,-814,-38,72
1,70,91,63,44,-1156,39,-167
0,37,92,66,47,-1130,102,-198
0,3,93,68,52,-1033,9,-83
0,0,94,73,60,-967,143,-490
0,0,92,75,68,-906,-33,-180
0,0,93,76,72,-865,-131,65
0,0,92,74,69,-882,-168,105
0,0,90,71,64,-944,-71,-90
0,0,89,69,62,-894,-192,-41
0,0,90,70,62,-917,-147,-139
0,0,91,70,62,-882,-204,-88
0,0,91,71,62,-860,-239,-67
0,0,91,70,61,-837,-331,16
0,0,90,70,61,-924,-380,-27
0,0,89,69,61,-850,-142,-195
0,0,89,69,62,-757,-141,-69
0,0,89,69,62,-836,-238,-62
0,0,90,69,60,-947,-155,-266
0,0,90,68,58,-904,-151,-290
0,0,90,67,56,-871,-220,-62
0,0,90,67,53,-807,-136,-227
0,0,91,66,51,-705,-47,-333
0,0,91,65,48,-805,-436,-9
6,8,91,64,46,-828,-365,-197
6,30,91,63,44,-816,-174,-279
6,54,90,63,43,-809,-182,-242
6,69,90,63,42,-851,-272,-192
6,82,90,63,43,-804,-336,-204
6,92,90,63,43,-789,-220,-240
6,100,90,63,42,-846,-254,-203
6,100,90,63,42,-848,-318,-173
6,100,90,63,42,-802,-220,-236
6,100,90,63,42,-789,-145,-203
6,100,90,63,42,-810,-266,-160
6,100,90,63,42,-858,-344,-174
6,96,90,63,42,-856,-161,-218
6,99,90,63,42,-862,-165,-190
6,100,90,63,42,-805,-190,-165
6,100,90,63,42,-894,-240,-177
6,100,90,63,42,-837,-217,-162
6,100,90,63,42,-829,-189,-186
6,100,90,63,42,-801,-146,-172
6,100,90,63,42,-810,-82,-188
6,100,89,63,42,-879,-227,-181
6,99,89,63,42,-880,-227,-169
6,100,90,63,42,-854,-234,-156
6,100,90,63,42,-838,-142,-161
6,100,90,63,42,-857,-79,-167
6,93,89,63,42,-902,-84,-177
6,85,89,63,42,-950,-121,-191
6,89,89,63,42,-895,-149,-129
6,97,89,63,42,-861,-112,-88
6,100,89,63,42,-941,-63,-136
6,100,89,63,42,-950,-5,-140
6,100,89,63,42,-897,36,-69
6,100,89,63,42,-923,217,-71
6,100,89,63,42,-1013,-81,-38
6,96,89,63,43,-1041,-117,-78
5,100,89,63,43,-1059,96,-188
6,100,90,63,44,-641,-244,552
4,83,92,65,46,-899,388,-515
0,27,92,68,51,-1031,-49,-103
0,2,94,72,60,-947,266,-661
0,0,93,77,73,-929,45,-207
0,0,92,79,83,-891,-102,-9
0,0,91,77,80,-849,-252,190
0,0,89,74,76,-822,-61,-60
0,0,87,73,73,-849,-121,-33
0,0,88,73,73,-995,-100,-172
0,0,90,74,73,-948,-194,-108
0,0,90,74,71,-833,-202,5
0,0,90,73,70,-810,-228,67
0,0,89,71,68,-862,-228,-94
0,0,88,70,66,-823,-209,-122
0,0,89,70,66,-791,-216,-112
0,0,89,70,65,-880,-267,-95
0,0,89,70,63,-760,-262,-28
0,0,89,69,61,-781,-281,-85
0,0,89,68,60,-805,-315,-86
0,0,90,68,58,-838,-243,-257
0,0,90,67,55,-828,-417,78
0,0,90,66,53,-800,-334,-30
0,0,90,65,50,-835,-411,-32
0,0,90,64,49,-794,-211,-237
0,0,90,64,48,-865,-231,-259
0,0,90,63,47,-895,-199,-208
6,4,90,63,46,-837,-217,-152
6,13,90,63,45,-835,-228,-139
3,18,89,63,45,-800,-202,-155
4,20,89,62,44,-826,-250,-114
6,15,89,62,44,-860,-216,-114
6,20,89,62,44,-888,-173,-139
3,17,89,62,44,-894,-157,-130
4,15,89,62,45,-852,-138,-127
4,9,89,62,45,-854,-164,-98
6,7,89,62,45,-884,-184,-107
6,6,89,62,45,-878,-153,-103
6,4,89,62,45,-867,-110,-113
1,6,89,62,45,-900,-144,-107
2,4,89,62,45,-925,-140,-113
5,2,89,62,45,-912,-119,-123
4,0,89,62,45,-902,-134,-115
6,0,89,62,45,-864,-153,-96
6,0,89,62,45,-866,-172,-94
4,0,89,62,45,-911,-174,-114
6,0,89,62,45,-860,-139,-110
5,1,89,62,45,-855,-129,-96
6,1,89,62,45,-865,-174,-76
6,2,89,62,45,-903,-182,-91
6,2,89,62,45,-898,-130,-109
6,6,89,62,45,-852,-108,-83
6,6,89,62,45,-860,-156,-74
4,9,89,62,45,-913,-163,-104
6,8,89,62,45,-860,-105,-105
6,11,89,62,45,-852,-102,-83
6,12,89,62,44,-881,-159,-107
6,15,89,62,44,-922,-206,-98
6,13,89,62,45,-867,-149,-90
6,11,89,62,44,-819,-110,-88
6,6,89,62,44,-840,-133,-60
6,6,89,62,44,-893,-85,-70
6,8,89,62,44,-975,-67,-102
6,13,89,62,44,-990,-90,-94
6,16,89,62,45,-939,-137,19
5,19,89,63,45,-1040,-349,309
0,13,90,63,47,-863,158,-100
0,8,90,65,50,-974,52,-188
0,0,90,67,55,-957,51,-173
0,0,91,71,62,-877,26,-44
0,0,90,71,65,-918,-99,57
0,0,89,70,65,-861,-95,42
0,0,88,69,63,-883,-130,68
0,0,88,69,63,-895,-141,34
0,0,88,69,62,-921,-140,-42
0,0,88,68,62,-927,-211,86
0,0,88,69,62,-879,-113,7
0,0,88,68,62,-832,-172,51
0,0,88,68,62,-868,-128,1
0,0,88,68,63,-877,-138,20
0,0,88,69,63,-841,-150,39